-- phpMyAdmin SQL Dump
-- version 4.8.0.1
-- https://www.phpmyadmin.net/
--
-- Host: localhost:3306
-- Generation Time: Jun 12, 2018 at 08:07 AM
-- Server version: 5.7.22-0ubuntu18.04.1
-- PHP Version: 7.2.5-1+ubuntu18.04.1+deb.sury.org+1

SET SQL_MODE = "NO_AUTO_VALUE_ON_ZERO";
SET AUTOCOMMIT = 0;
START TRANSACTION;
SET time_zone = "+00:00";


/*!40101 SET @OLD_CHARACTER_SET_CLIENT=@@CHARACTER_SET_CLIENT */;
/*!40101 SET @OLD_CHARACTER_SET_RESULTS=@@CHARACTER_SET_RESULTS */;
/*!40101 SET @OLD_COLLATION_CONNECTION=@@COLLATION_CONNECTION */;
/*!40101 SET NAMES utf8mb4 */;

--
-- Database: `kdait_sms`
--

-- --------------------------------------------------------

--
-- Table structure for table `attendances`
--

CREATE TABLE `attendances` (
  `id` bigint(20) UNSIGNED NOT NULL,
  `date` date NOT NULL,
  `student_id` bigint(20) UNSIGNED NOT NULL,
  `the_class_id` int(10) UNSIGNED NOT NULL,
  `section_id` int(10) UNSIGNED NOT NULL,
  `shift_id` int(10) UNSIGNED NOT NULL,
  `created_at` timestamp NULL DEFAULT NULL,
  `updated_at` timestamp NULL DEFAULT NULL
) ENGINE=InnoDB DEFAULT CHARSET=utf8mb4 COLLATE=utf8mb4_unicode_ci;

-- --------------------------------------------------------

--
-- Table structure for table `blood_groups`
--

CREATE TABLE `blood_groups` (
  `id` int(10) UNSIGNED NOT NULL,
  `name` varchar(191) COLLATE utf8mb4_unicode_ci NOT NULL,
  `created_at` timestamp NULL DEFAULT NULL,
  `updated_at` timestamp NULL DEFAULT NULL
) ENGINE=InnoDB DEFAULT CHARSET=utf8mb4 COLLATE=utf8mb4_unicode_ci;

--
-- Dumping data for table `blood_groups`
--

INSERT INTO `blood_groups` (`id`, `name`, `created_at`, `updated_at`) VALUES
(1, 'A+', NULL, NULL),
(2, 'A-', NULL, NULL),
(3, 'B+', NULL, NULL),
(4, 'B-', NULL, NULL),
(5, 'O+', NULL, NULL),
(6, 'O-', NULL, NULL),
(7, 'AB+', NULL, NULL),
(8, 'AB-', NULL, NULL);

-- --------------------------------------------------------

--
-- Table structure for table `class_assigns`
--

CREATE TABLE `class_assigns` (
  `id` bigint(20) UNSIGNED NOT NULL,
  `the_class_id` int(10) UNSIGNED NOT NULL,
  `section_id` int(10) UNSIGNED NOT NULL,
  `subject_id` int(10) UNSIGNED NOT NULL,
  `teacher_id` bigint(20) UNSIGNED NOT NULL,
  `created_at` timestamp NULL DEFAULT NULL,
  `updated_at` timestamp NULL DEFAULT NULL
) ENGINE=InnoDB DEFAULT CHARSET=utf8mb4 COLLATE=utf8mb4_unicode_ci;

--
-- Dumping data for table `class_assigns`
--

INSERT INTO `class_assigns` (`id`, `the_class_id`, `section_id`, `subject_id`, `teacher_id`, `created_at`, `updated_at`) VALUES
(12, 1, 1, 1, 1, '2018-05-29 07:41:55', '2018-05-29 07:41:55'),
(13, 2, 1, 5, 2, '2018-05-29 07:42:20', '2018-05-29 07:42:20'),
(14, 3, 1, 7, 3, '2018-05-29 07:42:37', '2018-05-29 07:42:37'),
(16, 4, 1, 13, 5, '2018-05-29 07:44:18', '2018-05-29 07:44:18'),
(17, 5, 1, 14, 6, '2018-05-29 07:44:56', '2018-05-29 07:44:56'),
(18, 6, 1, 18, 7, '2018-05-29 07:45:53', '2018-05-29 07:45:53'),
(19, 7, 1, 22, 8, '2018-05-29 07:46:12', '2018-05-29 07:46:12'),
(20, 8, 1, 26, 9, '2018-05-29 07:47:11', '2018-05-29 07:47:11'),
(21, 9, 1, 28, 10, '2018-05-29 07:47:23', '2018-05-29 07:47:23'),
(22, 10, 1, 41, 11, '2018-05-29 07:53:17', '2018-05-29 07:53:17'),
(23, 1, 1, 2, 2, '2018-05-29 07:55:57', '2018-05-29 07:55:57'),
(24, 1, 1, 3, 5, '2018-05-29 07:56:08', '2018-05-29 07:56:08'),
(25, 2, 1, 10, 6, '2018-05-29 07:57:09', '2018-05-29 07:57:09'),
(26, 2, 1, 6, 7, '2018-05-29 07:57:42', '2018-05-29 07:57:42'),
(27, 3, 1, 9, 8, '2018-05-29 07:58:41', '2018-05-29 07:58:41'),
(28, 3, 1, 8, 11, '2018-05-29 07:58:54', '2018-05-29 07:58:54'),
(29, 4, 1, 12, 10, '2018-05-29 07:59:55', '2018-05-29 07:59:55'),
(30, 4, 1, 16, 3, '2018-05-29 08:00:13', '2018-05-29 08:00:13'),
(31, 5, 1, 15, 10, '2018-05-29 08:01:23', '2018-05-29 08:01:23'),
(33, 6, 1, 21, 11, '2018-05-29 08:02:14', '2018-05-29 08:02:14'),
(34, 5, 1, 17, 11, '2018-05-29 08:06:15', '2018-05-29 08:06:15'),
(35, 6, 1, 20, 9, '2018-05-29 08:06:50', '2018-05-29 08:06:50'),
(36, 7, 1, 23, 11, '2018-05-29 08:07:33', '2018-05-29 08:07:33'),
(37, 7, 1, 24, 6, '2018-05-29 08:07:50', '2018-05-29 08:07:50'),
(38, 8, 1, 25, 1, '2018-05-29 08:09:12', '2018-05-29 08:09:12'),
(39, 8, 1, 27, 10, '2018-05-29 08:10:15', '2018-05-29 08:10:15'),
(40, 9, 1, 29, 2, '2018-05-29 08:11:29', '2018-05-29 08:11:29'),
(41, 9, 1, 30, 7, '2018-05-29 08:11:56', '2018-05-29 08:11:56'),
(42, 9, 1, 31, 11, '2018-05-29 08:13:34', '2018-05-29 08:13:34'),
(43, 9, 1, 32, 2, '2018-05-29 08:13:50', '2018-05-29 08:13:50'),
(44, 9, 1, 33, 1, '2018-05-29 08:14:04', '2018-05-29 08:14:04'),
(45, 9, 1, 34, 5, '2018-05-29 08:14:40', '2018-05-29 08:14:40'),
(46, 9, 1, 36, 6, '2018-05-29 08:14:59', '2018-05-29 08:14:59'),
(47, 9, 1, 37, 9, '2018-05-29 08:15:12', '2018-05-29 08:15:12'),
(48, 10, 1, 38, 1, '2018-05-29 08:17:29', '2018-05-29 08:17:29'),
(51, 10, 1, 39, 2, '2018-05-29 08:20:53', '2018-05-29 08:20:53'),
(52, 10, 1, 40, 5, '2018-05-29 08:21:13', '2018-05-29 08:21:13'),
(53, 10, 1, 43, 6, '2018-05-29 08:21:45', '2018-05-29 08:21:45'),
(54, 10, 1, 44, 3, '2018-05-29 08:22:49', '2018-05-29 08:22:49'),
(55, 10, 1, 45, 1, '2018-05-29 08:23:04', '2018-05-29 08:23:04'),
(56, 10, 1, 46, 7, '2018-05-29 08:23:21', '2018-05-29 08:23:21'),
(57, 10, 1, 47, 8, '2018-05-29 08:24:43', '2018-05-29 08:24:43'),
(59, 1, 2, 1, 2, '2018-05-29 08:26:21', '2018-05-29 08:26:21'),
(60, 1, 2, 2, 3, '2018-05-29 08:26:32', '2018-05-29 08:26:32'),
(61, 1, 2, 3, 6, '2018-05-29 08:26:44', '2018-05-29 08:26:44'),
(62, 2, 2, 10, 7, '2018-05-29 08:27:44', '2018-05-29 08:27:44'),
(63, 2, 2, 5, 11, '2018-05-29 08:27:57', '2018-05-29 08:27:57'),
(65, 2, 2, 6, 8, '2018-05-29 08:29:34', '2018-05-29 08:29:34'),
(67, 3, 2, 8, 2, '2018-05-29 08:29:59', '2018-05-29 08:29:59'),
(68, 3, 2, 7, 6, '2018-05-29 08:31:40', '2018-05-29 08:31:40'),
(69, 4, 2, 12, 5, '2018-05-29 08:31:44', '2018-05-29 08:31:44'),
(70, 4, 2, 13, 11, '2018-05-29 08:32:03', '2018-05-29 08:32:03'),
(71, 3, 2, 9, 9, '2018-05-29 08:33:25', '2018-05-29 08:33:25'),
(72, 4, 2, 16, 10, '2018-05-29 08:33:55', '2018-05-29 08:33:55'),
(74, 5, 2, 15, 7, '2018-05-29 08:35:22', '2018-05-29 08:35:22'),
(75, 5, 2, 17, 11, '2018-05-29 08:35:50', '2018-05-29 08:35:50'),
(76, 5, 2, 14, 3, '2018-05-29 08:36:10', '2018-05-29 08:36:10'),
(77, 6, 2, 18, 10, '2018-05-29 08:37:15', '2018-05-29 08:37:15'),
(78, 6, 2, 21, 3, '2018-05-29 08:37:30', '2018-05-29 08:37:30'),
(79, 6, 2, 20, 5, '2018-05-29 08:37:56', '2018-05-29 08:37:56'),
(80, 7, 2, 22, 1, '2018-05-29 08:38:37', '2018-05-29 08:38:37'),
(81, 7, 2, 23, 11, '2018-05-29 08:38:57', '2018-05-29 08:38:57'),
(82, 7, 2, 24, 9, '2018-05-29 08:39:14', '2018-05-29 08:39:14'),
(83, 8, 2, 25, 6, '2018-05-29 08:39:53', '2018-05-29 08:39:53'),
(85, 8, 2, 26, 2, '2018-05-29 08:41:47', '2018-05-29 08:41:47'),
(86, 8, 2, 27, 8, '2018-05-29 08:42:07', '2018-05-29 08:42:07'),
(87, 9, 2, 28, 1, '2018-05-29 08:42:52', '2018-05-29 08:42:52'),
(88, 9, 2, 29, 11, '2018-05-29 08:43:07', '2018-05-29 08:43:07'),
(89, 9, 2, 30, 3, '2018-05-29 08:43:23', '2018-05-29 08:43:23'),
(90, 9, 2, 31, 11, '2018-05-29 08:44:19', '2018-05-29 08:44:19'),
(91, 9, 2, 32, 10, '2018-05-29 08:44:32', '2018-05-29 08:44:32'),
(92, 9, 2, 33, 1, '2018-05-29 08:45:18', '2018-05-29 08:45:18'),
(94, 9, 2, 36, 5, '2018-05-29 08:45:47', '2018-05-29 08:45:47'),
(95, 9, 2, 34, 6, '2018-05-29 08:46:31', '2018-05-29 08:46:31'),
(96, 9, 2, 34, 7, '2018-05-29 08:47:08', '2018-05-29 08:47:08'),
(97, 10, 2, 38, 1, '2018-05-29 08:47:54', '2018-05-29 08:47:54'),
(98, 10, 2, 39, 11, '2018-05-29 08:48:08', '2018-05-29 08:48:08'),
(99, 10, 2, 40, 3, '2018-05-29 08:48:18', '2018-05-29 08:48:18'),
(100, 10, 2, 41, 2, '2018-05-29 08:49:18', '2018-05-29 08:49:18'),
(101, 10, 2, 43, 8, '2018-05-29 08:49:34', '2018-05-29 08:49:34'),
(102, 10, 2, 44, 6, '2018-05-29 08:49:49', '2018-05-29 08:49:49'),
(103, 10, 2, 45, 5, '2018-05-29 08:50:44', '2018-05-29 08:50:44'),
(104, 10, 2, 46, 7, '2018-05-29 08:50:58', '2018-05-29 08:50:58'),
(105, 10, 2, 47, 9, '2018-05-29 08:51:13', '2018-05-29 08:51:13');

-- --------------------------------------------------------

--
-- Table structure for table `exam_terms`
--

CREATE TABLE `exam_terms` (
  `id` int(10) UNSIGNED NOT NULL,
  `name` varchar(191) COLLATE utf8mb4_unicode_ci NOT NULL,
  `created_at` timestamp NULL DEFAULT NULL,
  `updated_at` timestamp NULL DEFAULT NULL
) ENGINE=InnoDB DEFAULT CHARSET=utf8mb4 COLLATE=utf8mb4_unicode_ci;

--
-- Dumping data for table `exam_terms`
--

INSERT INTO `exam_terms` (`id`, `name`, `created_at`, `updated_at`) VALUES
(1, 'First Term', NULL, NULL),
(2, 'Second Term', NULL, NULL),
(3, 'Final Term', NULL, NULL);

-- --------------------------------------------------------

--
-- Table structure for table `genders`
--

CREATE TABLE `genders` (
  `id` int(10) UNSIGNED NOT NULL,
  `name` varchar(191) COLLATE utf8mb4_unicode_ci NOT NULL,
  `created_at` timestamp NULL DEFAULT NULL,
  `updated_at` timestamp NULL DEFAULT NULL
) ENGINE=InnoDB DEFAULT CHARSET=utf8mb4 COLLATE=utf8mb4_unicode_ci;

--
-- Dumping data for table `genders`
--

INSERT INTO `genders` (`id`, `name`, `created_at`, `updated_at`) VALUES
(1, 'Male', NULL, NULL),
(2, 'Female', NULL, NULL),
(3, 'Others', NULL, NULL);

-- --------------------------------------------------------

--
-- Table structure for table `grades`
--

CREATE TABLE `grades` (
  `id` int(10) UNSIGNED NOT NULL,
  `name` varchar(191) COLLATE utf8mb4_unicode_ci NOT NULL,
  `min_point` double(5,2) NOT NULL,
  `max_point` double(5,2) NOT NULL,
  `min_value` double(5,2) NOT NULL,
  `max_value` double(5,2) NOT NULL,
  `created_at` timestamp NULL DEFAULT NULL,
  `updated_at` timestamp NULL DEFAULT NULL
) ENGINE=InnoDB DEFAULT CHARSET=utf8mb4 COLLATE=utf8mb4_unicode_ci;

--
-- Dumping data for table `grades`
--

INSERT INTO `grades` (`id`, `name`, `min_point`, `max_point`, `min_value`, `max_value`, `created_at`, `updated_at`) VALUES
(1, 'A+', 5.00, 5.00, 80.00, 100.00, NULL, NULL),
(2, 'A', 4.00, 4.99, 70.00, 79.00, NULL, NULL),
(3, 'A-', 3.50, 3.99, 60.00, 69.00, NULL, NULL),
(4, 'B', 3.00, 3.49, 50.00, 59.00, NULL, NULL),
(5, 'C', 2.00, 2.99, 40.00, 49.00, NULL, NULL),
(6, 'D', 1.00, 1.99, 33.00, 39.00, NULL, NULL),
(7, 'F', 0.00, 0.99, 0.00, 32.00, NULL, NULL);

-- --------------------------------------------------------

--
-- Table structure for table `groups`
--

CREATE TABLE `groups` (
  `id` int(10) UNSIGNED NOT NULL,
  `name` varchar(191) COLLATE utf8mb4_unicode_ci NOT NULL,
  `created_at` timestamp NULL DEFAULT NULL,
  `updated_at` timestamp NULL DEFAULT NULL
) ENGINE=InnoDB DEFAULT CHARSET=utf8mb4 COLLATE=utf8mb4_unicode_ci;

--
-- Dumping data for table `groups`
--

INSERT INTO `groups` (`id`, `name`, `created_at`, `updated_at`) VALUES
(1, 'None', NULL, NULL),
(2, 'Science', NULL, NULL),
(3, 'Commerce', NULL, NULL),
(4, 'Arts', NULL, NULL);

-- --------------------------------------------------------

--
-- Table structure for table `marks`
--

CREATE TABLE `marks` (
  `id` bigint(20) UNSIGNED NOT NULL,
  `the_class_id` int(10) UNSIGNED NOT NULL,
  `section_id` int(10) UNSIGNED NOT NULL,
  `shift_id` int(10) UNSIGNED NOT NULL,
  `session` year(4) NOT NULL,
  `student_id` bigint(20) UNSIGNED NOT NULL,
  `exam_term_id` int(10) UNSIGNED NOT NULL,
  `subject_id` int(10) UNSIGNED NOT NULL,
  `written` double(5,2) DEFAULT NULL,
  `mcq` double(5,2) DEFAULT NULL,
  `practical` double(5,2) DEFAULT NULL,
  `class_attendance` double(5,2) DEFAULT NULL,
  `total_marks` double(5,2) DEFAULT NULL,
  `grade_id` int(10) UNSIGNED DEFAULT NULL,
  `point` double(3,2) DEFAULT NULL,
  `absent` tinyint(1) NOT NULL DEFAULT '0',
  `created_at` timestamp NULL DEFAULT NULL,
  `updated_at` timestamp NULL DEFAULT NULL
) ENGINE=InnoDB DEFAULT CHARSET=utf8mb4 COLLATE=utf8mb4_unicode_ci;

--
-- Dumping data for table `marks`
--

INSERT INTO `marks` (`id`, `the_class_id`, `section_id`, `shift_id`, `session`, `student_id`, `exam_term_id`, `subject_id`, `written`, `mcq`, `practical`, `class_attendance`, `total_marks`, `grade_id`, `point`, `absent`, `created_at`, `updated_at`) VALUES
(2, 1, 1, 1, 2018, 2, 2, 1, 55.00, 0.00, 0.00, NULL, 55.00, 4, 3.00, 0, '2018-05-30 09:28:15', '2018-05-30 09:28:15'),
(4, 1, 1, 1, 2018, 4, 2, 1, 70.00, 0.00, 0.00, NULL, 70.00, 2, 4.00, 0, '2018-05-30 09:28:15', '2018-05-30 09:28:15'),
(6, 1, 1, 1, 2018, 51, 2, 1, 60.00, 0.00, 0.00, NULL, 60.00, 3, 3.50, 0, '2018-05-30 09:28:15', '2018-05-30 09:28:15'),
(7, 1, 1, 1, 2018, 2, 2, 2, 45.00, 0.00, 0.00, NULL, 45.00, 5, 2.00, 0, '2018-05-30 09:35:46', '2018-05-30 09:36:43'),
(8, 1, 1, 1, 2018, 4, 2, 2, 55.00, 0.00, 0.00, NULL, 55.00, 4, 3.00, 0, '2018-05-30 09:35:46', '2018-05-30 09:36:43'),
(9, 1, 1, 1, 2018, 51, 2, 2, 80.00, 0.00, 0.00, NULL, 80.00, 1, 5.00, 0, '2018-05-30 09:35:46', '2018-05-30 09:36:43'),
(10, 1, 2, 1, 2018, 5, 2, 1, 72.00, 0.00, 0.00, NULL, 72.00, 2, 4.00, 0, '2018-05-30 09:38:11', '2018-05-30 09:38:11'),
(11, 1, 2, 1, 2018, 6, 2, 1, 55.00, 0.00, 0.00, NULL, 55.00, 4, 3.00, 0, '2018-05-30 09:38:11', '2018-05-30 09:38:11'),
(12, 1, 2, 1, 2018, 7, 2, 1, 66.00, 0.00, 0.00, NULL, 66.00, 3, 3.50, 0, '2018-05-30 09:38:11', '2018-05-30 09:38:11'),
(13, 1, 2, 1, 2018, 5, 2, 2, 60.00, 0.00, 0.00, NULL, 60.00, 3, 3.50, 0, '2018-05-30 09:39:06', '2018-05-30 09:39:06'),
(14, 1, 2, 1, 2018, 6, 2, 2, 58.00, 0.00, 0.00, NULL, 58.00, 4, 3.00, 0, '2018-05-30 09:39:06', '2018-05-30 09:39:06'),
(15, 1, 2, 1, 2018, 7, 2, 2, 56.00, 0.00, 0.00, NULL, 56.00, 4, 3.00, 0, '2018-05-30 09:39:06', '2018-05-30 09:39:06'),
(16, 1, 1, 1, 2018, 2, 2, 3, 68.00, 0.00, 0.00, NULL, 68.00, 3, 3.50, 0, '2018-05-30 09:39:45', '2018-05-30 09:39:45'),
(17, 1, 1, 1, 2018, 4, 2, 3, 58.00, 0.00, 0.00, NULL, 58.00, 4, 3.00, 0, '2018-05-30 09:39:45', '2018-05-30 09:39:45'),
(18, 1, 1, 1, 2018, 51, 2, 3, 70.00, 0.00, 0.00, NULL, 70.00, 2, 4.00, 0, '2018-05-30 09:39:45', '2018-05-30 09:39:45'),
(19, 1, 2, 1, 2018, 5, 2, 3, 70.00, 0.00, 0.00, NULL, 70.00, 2, 4.00, 0, '2018-05-30 09:40:43', '2018-05-30 09:40:43'),
(20, 1, 2, 1, 2018, 6, 2, 3, 66.00, 0.00, 0.00, NULL, 66.00, 3, 3.50, 0, '2018-05-30 09:40:43', '2018-05-30 09:40:43'),
(21, 1, 2, 1, 2018, 7, 2, 3, 71.00, 0.00, 0.00, NULL, 71.00, 2, 4.00, 0, '2018-05-30 09:40:43', '2018-05-30 09:40:43'),
(22, 2, 1, 1, 2018, 9, 2, 10, 85.00, 0.00, 0.00, NULL, 85.00, 1, 5.00, 0, '2018-05-30 09:43:06', '2018-05-30 09:44:18'),
(23, 2, 1, 1, 2018, 10, 2, 10, 65.00, 0.00, 0.00, NULL, 65.00, 3, 3.50, 0, '2018-05-30 09:43:06', '2018-05-30 09:44:18'),
(24, 2, 1, 1, 2018, 12, 2, 10, 70.00, 0.00, 0.00, NULL, 70.00, 2, 4.00, 0, '2018-05-30 09:43:06', '2018-05-30 09:44:18'),
(25, 3, 1, 1, 2018, 15, 2, 7, 72.00, 0.00, 0.00, NULL, 72.00, 2, 4.00, 0, '2018-05-31 04:08:05', '2018-05-31 04:08:56'),
(26, 3, 1, 1, 2018, 16, 2, 7, 45.00, 0.00, 0.00, NULL, 45.00, 5, 2.00, 0, '2018-05-31 04:08:05', '2018-05-31 04:08:56'),
(27, 3, 1, 1, 2018, 17, 2, 7, 70.00, 0.00, 0.00, NULL, 70.00, 2, 4.00, 0, '2018-05-31 04:08:05', '2018-05-31 04:08:56'),
(28, 3, 2, 1, 2018, 18, 2, 7, 80.00, 0.00, 0.00, NULL, 80.00, 1, 5.00, 0, '2018-05-31 04:10:07', '2018-05-31 04:10:07'),
(29, 3, 2, 1, 2018, 19, 2, 7, 72.00, 0.00, 0.00, NULL, 72.00, 2, 4.00, 0, '2018-05-31 04:10:07', '2018-05-31 04:10:07'),
(30, 3, 2, 1, 2018, 20, 2, 7, 55.00, 0.00, 0.00, NULL, 55.00, 4, 3.00, 0, '2018-05-31 04:10:07', '2018-05-31 04:10:07'),
(31, 3, 1, 1, 2018, 15, 2, 8, 70.00, 0.00, 0.00, NULL, 70.00, 2, 4.00, 0, '2018-05-31 04:11:30', '2018-05-31 04:11:30'),
(32, 3, 1, 1, 2018, 16, 2, 8, 60.00, 0.00, 0.00, NULL, 60.00, 3, 3.50, 0, '2018-05-31 04:11:30', '2018-05-31 04:11:30'),
(33, 3, 1, 1, 2018, 17, 2, 8, 50.00, 0.00, 0.00, NULL, 50.00, 4, 3.00, 0, '2018-05-31 04:11:30', '2018-05-31 04:11:30'),
(34, 3, 2, 1, 2018, 18, 2, 8, 60.00, 0.00, 0.00, NULL, 60.00, 3, 3.50, 0, '2018-05-31 04:12:34', '2018-05-31 04:12:34'),
(35, 3, 2, 1, 2018, 19, 2, 8, 58.00, 0.00, 0.00, NULL, 58.00, 4, 3.00, 0, '2018-05-31 04:12:34', '2018-05-31 04:12:34'),
(36, 3, 2, 1, 2018, 20, 2, 8, 57.00, 0.00, 0.00, NULL, 57.00, 4, 3.00, 0, '2018-05-31 04:12:34', '2018-05-31 04:12:34'),
(37, 3, 1, 1, 2018, 15, 2, 9, 69.00, 0.00, 0.00, NULL, 69.00, 3, 3.50, 0, '2018-05-31 04:27:33', '2018-05-31 04:27:33'),
(38, 3, 1, 1, 2018, 16, 2, 9, 65.00, 0.00, 0.00, NULL, 65.00, 3, 3.50, 0, '2018-05-31 04:27:33', '2018-05-31 04:27:33'),
(39, 3, 1, 1, 2018, 17, 2, 9, 66.00, 0.00, 0.00, NULL, 66.00, 3, 3.50, 0, '2018-05-31 04:27:33', '2018-05-31 04:27:33'),
(40, 3, 2, 1, 2018, 18, 2, 9, 71.00, 0.00, 0.00, NULL, 71.00, 2, 4.00, 0, '2018-05-31 04:28:15', '2018-05-31 04:28:15'),
(41, 3, 2, 1, 2018, 19, 2, 9, 45.00, 0.00, 0.00, NULL, 45.00, 5, 2.00, 0, '2018-05-31 04:28:15', '2018-05-31 04:28:15'),
(42, 3, 2, 1, 2018, 20, 2, 9, 55.00, 0.00, 0.00, NULL, 55.00, 4, 3.00, 0, '2018-05-31 04:28:15', '2018-05-31 04:28:15'),
(43, 4, 1, 1, 2018, 21, 2, 12, 59.00, 0.00, 0.00, NULL, 59.00, 4, 3.00, 0, '2018-05-31 04:36:44', '2018-05-31 04:36:44'),
(44, 4, 1, 1, 2018, 22, 2, 12, 66.00, 0.00, 0.00, NULL, 66.00, 3, 3.50, 0, '2018-05-31 04:36:44', '2018-05-31 04:36:44'),
(45, 4, 1, 1, 2018, 23, 2, 12, 67.00, 0.00, 0.00, NULL, 67.00, 3, 3.50, 0, '2018-05-31 04:36:44', '2018-05-31 04:36:44'),
(46, 4, 2, 1, 2018, 24, 2, 12, 70.00, 0.00, 0.00, NULL, 70.00, 2, 4.00, 0, '2018-05-31 04:39:56', '2018-05-31 04:39:56'),
(47, 4, 2, 1, 2018, 25, 2, 12, 69.00, 0.00, 0.00, NULL, 69.00, 3, 3.50, 0, '2018-05-31 04:39:56', '2018-05-31 04:39:56'),
(48, 4, 2, 1, 2018, 26, 2, 12, 68.00, 0.00, 0.00, NULL, 68.00, 3, 3.50, 0, '2018-05-31 04:39:56', '2018-05-31 04:39:56'),
(49, 4, 1, 1, 2018, 21, 2, 13, 80.00, 0.00, 0.00, NULL, 80.00, 1, 5.00, 0, '2018-05-31 04:41:03', '2018-05-31 04:41:03'),
(50, 4, 1, 1, 2018, 22, 2, 13, 70.00, 0.00, 0.00, NULL, 70.00, 2, 4.00, 0, '2018-05-31 04:41:03', '2018-05-31 04:41:03'),
(51, 4, 1, 1, 2018, 23, 2, 13, 60.00, 0.00, 0.00, NULL, 60.00, 3, 3.50, 0, '2018-05-31 04:41:03', '2018-05-31 04:41:03'),
(52, 4, 2, 1, 2018, 24, 2, 13, 78.00, 0.00, 0.00, NULL, 78.00, 2, 4.00, 0, '2018-05-31 04:42:32', '2018-05-31 04:42:32'),
(53, 4, 2, 1, 2018, 25, 2, 13, 65.00, 0.00, 0.00, NULL, 65.00, 3, 3.50, 0, '2018-05-31 04:42:32', '2018-05-31 04:42:32'),
(54, 4, 2, 1, 2018, 26, 2, 13, 60.00, 0.00, 0.00, NULL, 60.00, 3, 3.50, 0, '2018-05-31 04:42:32', '2018-05-31 04:42:32'),
(55, 4, 1, 1, 2018, 21, 2, 16, 68.00, 0.00, 0.00, NULL, 68.00, 3, 3.50, 0, '2018-05-31 04:43:27', '2018-05-31 04:43:27'),
(56, 4, 1, 1, 2018, 22, 2, 16, 69.00, 0.00, 0.00, NULL, 69.00, 3, 3.50, 0, '2018-05-31 04:43:27', '2018-05-31 04:43:27'),
(57, 4, 1, 1, 2018, 23, 2, 16, 66.00, 0.00, 0.00, NULL, 66.00, 3, 3.50, 0, '2018-05-31 04:43:27', '2018-05-31 04:43:27'),
(58, 4, 2, 1, 2018, 24, 2, 16, 70.00, 0.00, 0.00, NULL, 70.00, 2, 4.00, 0, '2018-05-31 04:44:07', '2018-05-31 04:44:07'),
(59, 4, 2, 1, 2018, 25, 2, 16, 68.00, 0.00, 0.00, NULL, 68.00, 3, 3.50, 0, '2018-05-31 04:44:07', '2018-05-31 04:44:07'),
(60, 4, 2, 1, 2018, 26, 2, 16, 65.00, 0.00, 0.00, NULL, 65.00, 3, 3.50, 0, '2018-05-31 04:44:07', '2018-05-31 04:44:07'),
(61, 5, 1, 1, 2018, 27, 2, 15, 80.00, 0.00, 0.00, NULL, 80.00, 1, 5.00, 0, '2018-05-31 04:44:57', '2018-05-31 04:44:57'),
(62, 5, 1, 1, 2018, 28, 2, 15, 70.00, 0.00, 0.00, NULL, 70.00, 2, 4.00, 0, '2018-05-31 04:44:57', '2018-05-31 04:44:57'),
(63, 5, 1, 1, 2018, 29, 2, 15, 60.00, 0.00, 0.00, NULL, 60.00, 3, 3.50, 0, '2018-05-31 04:44:57', '2018-05-31 04:44:57'),
(64, 5, 2, 1, 2018, 30, 2, 15, 60.00, 0.00, 0.00, NULL, 60.00, 3, 3.50, 0, '2018-05-31 04:45:39', '2018-05-31 04:45:39'),
(65, 5, 2, 1, 2018, 31, 2, 15, 70.00, 0.00, 0.00, NULL, 70.00, 2, 4.00, 0, '2018-05-31 04:45:39', '2018-05-31 04:45:39'),
(66, 5, 2, 1, 2018, 32, 2, 15, 66.00, 0.00, 0.00, NULL, 66.00, 3, 3.50, 0, '2018-05-31 04:45:39', '2018-05-31 04:45:39'),
(67, 5, 1, 1, 2018, 27, 2, 17, 80.00, 0.00, 0.00, NULL, 80.00, 1, 5.00, 0, '2018-05-31 04:46:42', '2018-05-31 04:46:42'),
(68, 5, 1, 1, 2018, 28, 2, 17, 78.00, 0.00, 0.00, NULL, 78.00, 2, 4.00, 0, '2018-05-31 04:46:42', '2018-05-31 04:46:42'),
(69, 5, 1, 1, 2018, 29, 2, 17, 55.00, 0.00, 0.00, NULL, 55.00, 4, 3.00, 0, '2018-05-31 04:46:42', '2018-05-31 04:46:42'),
(70, 5, 2, 1, 2018, 30, 2, 17, 56.00, 0.00, 0.00, NULL, 56.00, 4, 3.00, 0, '2018-05-31 04:47:27', '2018-05-31 04:47:27'),
(71, 5, 2, 1, 2018, 31, 2, 17, 60.00, 0.00, 0.00, NULL, 60.00, 3, 3.50, 0, '2018-05-31 04:47:27', '2018-05-31 04:47:27'),
(72, 5, 2, 1, 2018, 32, 2, 17, 61.00, 0.00, 0.00, NULL, 61.00, 3, 3.50, 0, '2018-05-31 04:47:27', '2018-05-31 04:47:27'),
(73, 5, 1, 1, 2018, 27, 2, 14, 60.00, 0.00, 0.00, NULL, 60.00, 3, 3.50, 0, '2018-05-31 04:48:23', '2018-05-31 04:48:23'),
(74, 5, 1, 1, 2018, 28, 2, 14, 70.00, 0.00, 0.00, NULL, 70.00, 2, 4.00, 0, '2018-05-31 04:48:23', '2018-05-31 04:48:23'),
(75, 5, 1, 1, 2018, 29, 2, 14, 80.00, 0.00, 0.00, NULL, 80.00, 1, 5.00, 0, '2018-05-31 04:48:23', '2018-05-31 04:48:23'),
(76, 5, 2, 1, 2018, 30, 2, 14, 60.00, 0.00, 0.00, NULL, 60.00, 3, 3.50, 0, '2018-05-31 04:49:18', '2018-05-31 04:49:18'),
(77, 5, 2, 1, 2018, 31, 2, 14, 55.00, 0.00, 0.00, NULL, 55.00, 4, 3.00, 0, '2018-05-31 04:49:18', '2018-05-31 04:49:18'),
(78, 5, 2, 1, 2018, 32, 2, 14, 70.00, 0.00, 0.00, NULL, 70.00, 2, 4.00, 0, '2018-05-31 04:49:18', '2018-05-31 04:49:18'),
(79, 6, 1, 1, 2018, 33, 2, 18, 50.00, 25.00, 0.00, NULL, 75.00, 2, 4.00, 0, '2018-05-31 05:41:49', '2018-05-31 05:41:49'),
(80, 6, 1, 1, 2018, 34, 2, 18, 52.00, 24.00, 0.00, NULL, 76.00, 2, 4.00, 0, '2018-05-31 05:41:49', '2018-05-31 05:41:49'),
(81, 6, 1, 1, 2018, 35, 2, 18, 50.00, 22.00, 0.00, NULL, 72.00, 2, 4.00, 0, '2018-05-31 05:41:49', '2018-05-31 05:41:49'),
(82, 6, 2, 1, 2018, 36, 2, 18, 48.00, 20.00, 0.00, NULL, 68.00, 3, 3.50, 0, '2018-05-31 05:46:30', '2018-05-31 05:46:30'),
(83, 6, 2, 1, 2018, 37, 2, 18, 50.00, 25.00, 0.00, NULL, 75.00, 2, 4.00, 0, '2018-05-31 05:46:30', '2018-05-31 05:46:30'),
(84, 6, 2, 1, 2018, 38, 2, 18, 50.00, 24.00, 0.00, NULL, 74.00, 2, 4.00, 0, '2018-05-31 05:46:30', '2018-05-31 05:46:30'),
(85, 6, 1, 1, 2018, 33, 2, 21, 52.00, 22.00, 0.00, NULL, 74.00, 2, 4.00, 0, '2018-05-31 06:04:01', '2018-05-31 06:04:01'),
(86, 6, 1, 1, 2018, 34, 2, 21, 51.00, 22.00, 0.00, NULL, 73.00, 2, 4.00, 0, '2018-05-31 06:04:01', '2018-05-31 06:04:01'),
(87, 6, 1, 1, 2018, 35, 2, 21, 50.00, 23.00, 0.00, NULL, 73.00, 2, 4.00, 0, '2018-05-31 06:04:01', '2018-05-31 06:04:01'),
(88, 6, 2, 1, 2018, 36, 2, 21, 48.00, 20.00, 0.00, NULL, 68.00, 3, 3.50, 0, '2018-05-31 06:05:40', '2018-05-31 06:05:40'),
(89, 6, 2, 1, 2018, 37, 2, 21, 51.00, 24.00, 0.00, NULL, 75.00, 2, 4.00, 0, '2018-05-31 06:05:40', '2018-05-31 06:05:40'),
(90, 6, 2, 1, 2018, 38, 2, 21, 50.00, 24.00, 0.00, NULL, 74.00, 2, 4.00, 0, '2018-05-31 06:05:40', '2018-05-31 06:05:40'),
(91, 6, 1, 1, 2018, 33, 2, 20, 50.00, 24.00, 0.00, NULL, 74.00, 2, 4.00, 0, '2018-05-31 06:24:30', '2018-05-31 06:24:30'),
(92, 6, 1, 1, 2018, 34, 2, 20, 51.00, 25.00, 0.00, NULL, 76.00, 2, 4.00, 0, '2018-05-31 06:24:30', '2018-05-31 06:24:30'),
(93, 6, 1, 1, 2018, 35, 2, 20, 48.00, 22.00, 0.00, NULL, 70.00, 2, 4.00, 0, '2018-05-31 06:24:30', '2018-05-31 06:24:30'),
(94, 6, 2, 1, 2018, 36, 2, 20, 48.00, 20.00, 0.00, NULL, 68.00, 3, 3.50, 0, '2018-05-31 06:25:14', '2018-05-31 06:25:14'),
(95, 6, 2, 1, 2018, 37, 2, 20, 52.00, 25.00, 0.00, NULL, 77.00, 2, 4.00, 0, '2018-05-31 06:25:14', '2018-05-31 06:25:14'),
(96, 6, 2, 1, 2018, 38, 2, 20, 51.00, 24.00, 0.00, NULL, 75.00, 2, 4.00, 0, '2018-05-31 06:25:14', '2018-05-31 06:25:14'),
(97, 7, 1, 1, 2018, 39, 2, 22, 51.00, 25.00, 0.00, NULL, 76.00, 2, 4.00, 0, '2018-05-31 06:26:18', '2018-05-31 06:26:18'),
(98, 7, 1, 1, 2018, 40, 2, 22, 48.00, 22.00, 0.00, NULL, 70.00, 2, 4.00, 0, '2018-05-31 06:26:18', '2018-05-31 06:26:18'),
(99, 7, 1, 1, 2018, 41, 2, 22, 56.00, 24.00, 0.00, NULL, 80.00, 1, 5.00, 0, '2018-05-31 06:26:18', '2018-05-31 06:26:18'),
(100, 7, 2, 1, 2018, 42, 2, 22, 51.00, 22.00, 0.00, NULL, 73.00, 2, 4.00, 0, '2018-05-31 06:27:05', '2018-05-31 06:27:05'),
(101, 7, 2, 1, 2018, 43, 2, 22, 50.00, 22.00, 0.00, NULL, 72.00, 2, 4.00, 0, '2018-05-31 06:27:05', '2018-05-31 06:27:05'),
(102, 7, 2, 1, 2018, 44, 2, 22, 54.00, 26.00, 0.00, NULL, 80.00, 1, 5.00, 0, '2018-05-31 06:27:05', '2018-05-31 06:27:05'),
(103, 7, 1, 1, 2018, 39, 2, 23, 50.00, 21.00, 0.00, NULL, 71.00, 2, 4.00, 0, '2018-05-31 06:28:11', '2018-05-31 06:28:11'),
(104, 7, 1, 1, 2018, 40, 2, 23, 51.00, 22.00, 0.00, NULL, 73.00, 2, 4.00, 0, '2018-05-31 06:28:11', '2018-05-31 06:28:11'),
(105, 7, 1, 1, 2018, 41, 2, 23, 48.00, 20.00, 0.00, NULL, 68.00, 3, 3.50, 0, '2018-05-31 06:28:11', '2018-05-31 06:28:11'),
(106, 7, 2, 1, 2018, 42, 2, 23, 50.00, 20.00, 0.00, NULL, 70.00, 2, 4.00, 0, '2018-05-31 06:29:33', '2018-05-31 06:29:33'),
(107, 7, 2, 1, 2018, 43, 2, 23, 51.00, 25.00, 0.00, NULL, 76.00, 2, 4.00, 0, '2018-05-31 06:29:33', '2018-05-31 06:29:33'),
(108, 7, 2, 1, 2018, 44, 2, 23, 48.00, 20.00, 0.00, NULL, 68.00, 3, 3.50, 0, '2018-05-31 06:29:33', '2018-05-31 06:29:33'),
(109, 7, 1, 1, 2018, 39, 2, 24, 55.00, 25.00, 0.00, NULL, 80.00, 1, 5.00, 0, '2018-05-31 06:30:25', '2018-05-31 06:30:25'),
(110, 7, 1, 1, 2018, 40, 2, 24, 50.00, 20.00, 0.00, NULL, 70.00, 2, 4.00, 0, '2018-05-31 06:30:25', '2018-05-31 06:30:25'),
(111, 7, 1, 1, 2018, 41, 2, 24, 48.00, 20.00, 0.00, NULL, 68.00, 3, 3.50, 0, '2018-05-31 06:30:25', '2018-05-31 06:30:25'),
(112, 7, 2, 1, 2018, 42, 2, 24, 48.00, 20.00, 0.00, NULL, 68.00, 3, 3.50, 0, '2018-05-31 06:31:03', '2018-05-31 06:31:03'),
(113, 7, 2, 1, 2018, 43, 2, 24, 50.00, 25.00, 0.00, NULL, 75.00, 2, 4.00, 0, '2018-05-31 06:31:03', '2018-05-31 06:31:03'),
(114, 7, 2, 1, 2018, 44, 2, 24, 50.00, 24.00, 0.00, NULL, 74.00, 2, 4.00, 0, '2018-05-31 06:31:03', '2018-05-31 06:31:03'),
(115, 8, 1, 1, 2018, 45, 2, 25, 50.00, 20.00, 0.00, NULL, 70.00, 2, 4.00, 0, '2018-05-31 06:32:25', '2018-05-31 06:32:25'),
(116, 8, 1, 1, 2018, 46, 2, 25, 54.00, 26.00, 0.00, NULL, 80.00, 1, 5.00, 0, '2018-05-31 06:32:25', '2018-05-31 06:32:25'),
(117, 8, 1, 1, 2018, 47, 2, 25, 48.00, 22.00, 0.00, NULL, 70.00, 2, 4.00, 0, '2018-05-31 06:32:25', '2018-05-31 06:32:25'),
(118, 8, 2, 1, 2018, 48, 2, 25, 55.00, 25.00, 0.00, NULL, 80.00, 1, 5.00, 0, '2018-05-31 06:33:25', '2018-05-31 06:33:25'),
(119, 8, 2, 1, 2018, 49, 2, 25, 48.00, 25.00, 0.00, NULL, 73.00, 2, 4.00, 0, '2018-05-31 06:33:25', '2018-05-31 06:33:25'),
(120, 8, 2, 1, 2018, 50, 2, 25, 48.00, 24.00, 0.00, NULL, 72.00, 2, 4.00, 0, '2018-05-31 06:33:25', '2018-05-31 06:33:25'),
(121, 8, 1, 1, 2018, 45, 2, 26, 52.00, 22.00, 0.00, NULL, 74.00, 2, 4.00, 0, '2018-05-31 06:35:38', '2018-05-31 06:35:38'),
(122, 8, 1, 1, 2018, 46, 2, 26, 54.00, 24.00, 0.00, NULL, 78.00, 2, 4.00, 0, '2018-05-31 06:35:38', '2018-05-31 06:35:38'),
(123, 8, 1, 1, 2018, 47, 2, 26, 50.00, 22.00, 0.00, NULL, 72.00, 2, 4.00, 0, '2018-05-31 06:35:38', '2018-05-31 06:35:38'),
(124, 8, 2, 1, 2018, 48, 2, 26, 54.00, 26.00, 0.00, NULL, 80.00, 1, 5.00, 0, '2018-05-31 06:37:11', '2018-05-31 06:37:11'),
(125, 8, 2, 1, 2018, 49, 2, 26, 48.00, 22.00, 0.00, NULL, 70.00, 2, 4.00, 0, '2018-05-31 06:37:11', '2018-05-31 06:37:11'),
(126, 8, 2, 1, 2018, 50, 2, 26, 49.00, 26.00, 0.00, NULL, 75.00, 2, 4.00, 0, '2018-05-31 06:37:11', '2018-05-31 06:37:11'),
(127, 8, 1, 1, 2018, 45, 2, 27, 50.00, 20.00, 0.00, NULL, 70.00, 2, 4.00, 0, '2018-05-31 06:38:55', '2018-05-31 06:38:55'),
(128, 8, 1, 1, 2018, 46, 2, 27, 54.00, 25.00, 0.00, NULL, 79.00, 2, 4.00, 0, '2018-05-31 06:38:55', '2018-05-31 06:38:55'),
(129, 8, 1, 1, 2018, 47, 2, 27, 55.00, 25.00, 0.00, NULL, 80.00, 1, 5.00, 0, '2018-05-31 06:38:55', '2018-05-31 06:38:55'),
(130, 8, 2, 1, 2018, 48, 2, 27, 55.00, 25.00, 0.00, NULL, 80.00, 1, 5.00, 0, '2018-05-31 06:40:57', '2018-05-31 06:40:57'),
(131, 8, 2, 1, 2018, 49, 2, 27, 54.00, 26.00, 0.00, NULL, 80.00, 1, 5.00, 0, '2018-05-31 06:40:57', '2018-05-31 06:40:57'),
(132, 8, 2, 1, 2018, 50, 2, 27, 55.00, 21.00, 0.00, NULL, 76.00, 2, 4.00, 0, '2018-05-31 06:40:57', '2018-05-31 06:40:57'),
(133, 2, 1, 1, 2018, 9, 2, 5, 80.00, 0.00, 0.00, NULL, 80.00, 1, 5.00, 0, '2018-05-31 06:57:01', '2018-05-31 06:57:01'),
(134, 2, 1, 1, 2018, 10, 2, 5, 70.00, 0.00, 0.00, NULL, 70.00, 2, 4.00, 0, '2018-05-31 06:57:01', '2018-05-31 06:57:01'),
(135, 2, 1, 1, 2018, 12, 2, 5, 75.00, 0.00, 0.00, NULL, 75.00, 2, 4.00, 0, '2018-05-31 06:57:01', '2018-05-31 06:57:01'),
(136, 2, 2, 1, 2018, 11, 2, 5, 75.00, 0.00, 0.00, NULL, 75.00, 2, 4.00, 0, '2018-05-31 06:58:00', '2018-05-31 06:58:00'),
(137, 2, 2, 1, 2018, 13, 2, 5, 80.00, 0.00, 0.00, NULL, 80.00, 1, 5.00, 0, '2018-05-31 06:58:00', '2018-05-31 06:58:00'),
(138, 2, 2, 1, 2018, 14, 2, 5, 69.00, 0.00, 0.00, NULL, 69.00, 3, 3.50, 0, '2018-05-31 06:58:00', '2018-05-31 06:58:00'),
(139, 2, 1, 1, 2018, 9, 2, 6, 70.00, 0.00, 0.00, NULL, 70.00, 2, 4.00, 0, '2018-05-31 06:58:56', '2018-05-31 06:58:56'),
(140, 2, 1, 1, 2018, 10, 2, 6, 79.00, 0.00, 0.00, NULL, 79.00, 2, 4.00, 0, '2018-05-31 06:58:56', '2018-05-31 06:58:56'),
(141, 2, 1, 1, 2018, 12, 2, 6, 80.00, 0.00, 0.00, NULL, 80.00, 1, 5.00, 0, '2018-05-31 06:58:56', '2018-05-31 06:58:56'),
(142, 2, 2, 1, 2018, 11, 2, 6, 78.00, 0.00, 0.00, NULL, 78.00, 2, 4.00, 0, '2018-05-31 06:59:34', '2018-05-31 06:59:34'),
(143, 2, 2, 1, 2018, 13, 2, 6, 80.00, 0.00, 0.00, NULL, 80.00, 1, 5.00, 0, '2018-05-31 06:59:34', '2018-05-31 06:59:34'),
(144, 2, 2, 1, 2018, 14, 2, 6, 77.00, 0.00, 0.00, NULL, 77.00, 2, 4.00, 0, '2018-05-31 06:59:34', '2018-05-31 06:59:34'),
(145, 2, 2, 1, 2018, 11, 2, 10, 78.00, 0.00, 0.00, NULL, 78.00, 2, 4.00, 0, '2018-05-31 07:01:01', '2018-05-31 07:01:01'),
(146, 2, 2, 1, 2018, 13, 2, 10, 79.00, 0.00, 0.00, NULL, 79.00, 2, 4.00, 0, '2018-05-31 07:01:01', '2018-05-31 07:01:01'),
(147, 2, 2, 1, 2018, 14, 2, 10, 45.00, 0.00, 0.00, NULL, 45.00, 5, 2.00, 0, '2018-05-31 07:01:01', '2018-05-31 07:01:01'),
(148, 9, 1, 1, 2018, 52, 2, 31, 55.00, 12.00, 15.00, NULL, 82.00, 1, 5.00, 0, '2018-05-31 07:25:05', '2018-05-31 07:25:05'),
(149, 9, 1, 1, 2018, 53, 2, 31, 48.00, 11.00, 15.00, NULL, 74.00, 2, 4.00, 0, '2018-05-31 07:25:05', '2018-05-31 07:25:05'),
(150, 9, 1, 1, 2018, 54, 2, 31, 39.00, 10.00, 14.00, NULL, 63.00, 3, 3.50, 0, '2018-05-31 07:25:05', '2018-05-31 07:25:05'),
(151, 9, 2, 1, 2018, 55, 2, 31, 52.00, 14.00, 15.00, NULL, 81.00, 1, 5.00, 0, '2018-05-31 07:26:26', '2018-05-31 07:26:26'),
(152, 9, 2, 1, 2018, 56, 2, 31, 47.00, 11.00, 15.00, NULL, 73.00, 2, 4.00, 0, '2018-05-31 07:26:26', '2018-05-31 07:26:26'),
(153, 9, 2, 1, 2018, 57, 2, 31, 39.00, 12.00, 14.00, NULL, 65.00, 3, 3.50, 0, '2018-05-31 07:26:26', '2018-05-31 07:26:26'),
(154, 9, 1, 1, 2018, 52, 2, 32, 50.00, 15.00, 15.00, NULL, 80.00, 1, 5.00, 0, '2018-05-31 07:27:53', '2018-05-31 07:27:53'),
(155, 9, 1, 1, 2018, 53, 2, 32, 40.00, 12.00, 15.00, NULL, 67.00, 3, 3.50, 0, '2018-05-31 07:27:53', '2018-05-31 07:27:53'),
(156, 9, 1, 1, 2018, 54, 2, 32, 39.00, 11.00, 15.00, NULL, 65.00, 3, 3.50, 0, '2018-05-31 07:27:53', '2018-05-31 07:27:53'),
(157, 9, 2, 1, 2018, 55, 2, 32, 49.00, 16.00, 15.00, NULL, 80.00, 1, 5.00, 0, '2018-05-31 07:28:46', '2018-05-31 07:28:46'),
(158, 9, 2, 1, 2018, 56, 2, 32, 39.00, 11.00, 15.00, NULL, 65.00, 3, 3.50, 0, '2018-05-31 07:28:46', '2018-05-31 07:28:46'),
(159, 9, 2, 1, 2018, 57, 2, 32, 40.00, 19.00, 15.00, NULL, 74.00, 2, 4.00, 0, '2018-05-31 07:28:46', '2018-05-31 07:28:46'),
(160, 9, 1, 1, 2018, 58, 2, 33, 39.00, 15.00, 15.00, NULL, 69.00, 3, 3.50, 0, '2018-05-31 07:30:23', '2018-05-31 07:30:23'),
(161, 9, 1, 1, 2018, 59, 2, 33, 35.00, 15.00, 15.00, NULL, 65.00, 3, 3.50, 0, '2018-05-31 07:30:23', '2018-05-31 07:30:23'),
(162, 9, 1, 1, 2018, 60, 2, 33, 36.00, 15.00, 15.00, NULL, 66.00, 3, 3.50, 0, '2018-05-31 07:30:23', '2018-05-31 07:30:23'),
(163, 9, 2, 1, 2018, 61, 2, 33, 40.00, 14.00, 15.00, NULL, 69.00, 3, 3.50, 0, '2018-05-31 07:31:23', '2018-05-31 07:31:23'),
(164, 9, 2, 1, 2018, 62, 2, 33, 45.00, 14.00, 14.00, NULL, 73.00, 2, 4.00, 0, '2018-05-31 07:31:23', '2018-05-31 07:31:23'),
(165, 9, 2, 1, 2018, 63, 2, 33, 41.00, 12.00, 15.00, NULL, 68.00, 3, 3.50, 0, '2018-05-31 07:31:23', '2018-05-31 07:31:23'),
(166, 9, 1, 1, 2018, 58, 2, 34, 45.00, 15.00, 14.00, NULL, 74.00, 2, 4.00, 0, '2018-05-31 07:33:35', '2018-05-31 07:33:35'),
(167, 9, 1, 1, 2018, 59, 2, 34, 48.00, 15.00, 15.00, NULL, 78.00, 2, 4.00, 0, '2018-05-31 07:33:35', '2018-05-31 07:33:35'),
(168, 9, 1, 1, 2018, 60, 2, 34, 47.00, 14.00, 14.00, NULL, 75.00, 2, 4.00, 0, '2018-05-31 07:33:35', '2018-05-31 07:33:35'),
(169, 9, 2, 1, 2018, 61, 2, 34, 48.00, 11.00, 11.00, NULL, 70.00, 2, 4.00, 0, '2018-05-31 07:37:47', '2018-05-31 07:37:47'),
(170, 9, 2, 1, 2018, 62, 2, 34, 45.00, 15.00, 4.00, NULL, 64.00, 7, 0.00, 0, '2018-05-31 07:37:47', '2018-05-31 07:37:47'),
(171, 9, 2, 1, 2018, 63, 2, 34, 36.00, 14.00, 14.00, NULL, 64.00, 3, 3.50, 0, '2018-05-31 07:37:47', '2018-05-31 07:37:47'),
(172, 9, 1, 1, 2018, 64, 2, 36, 39.00, 14.00, 15.00, NULL, 68.00, 3, 3.50, 0, '2018-05-31 07:39:24', '2018-05-31 07:39:24'),
(173, 9, 1, 1, 2018, 65, 2, 36, 39.00, 14.00, 14.00, NULL, 67.00, 3, 3.50, 0, '2018-05-31 07:39:24', '2018-05-31 07:39:24'),
(174, 9, 1, 1, 2018, 66, 2, 36, 39.00, 14.00, 14.00, NULL, 67.00, 3, 3.50, 0, '2018-05-31 07:39:24', '2018-05-31 07:39:24'),
(175, 9, 2, 1, 2018, 67, 2, 36, 37.00, 14.00, 14.00, NULL, 65.00, 3, 3.50, 0, '2018-05-31 07:42:07', '2018-05-31 07:42:07'),
(176, 9, 2, 1, 2018, 68, 2, 36, 39.00, 14.00, 11.00, NULL, 64.00, 3, 3.50, 0, '2018-05-31 07:42:07', '2018-05-31 07:42:07'),
(177, 9, 2, 1, 2018, 69, 2, 36, 41.00, 14.00, 15.00, NULL, 70.00, 2, 4.00, 0, '2018-05-31 07:42:07', '2018-05-31 07:42:07'),
(178, 9, 1, 1, 2018, 64, 2, 37, 39.00, 14.00, 15.00, NULL, 68.00, 3, 3.50, 0, '2018-05-31 07:44:05', '2018-05-31 07:44:05'),
(179, 9, 1, 1, 2018, 65, 2, 37, 40.00, 14.00, 14.00, NULL, 68.00, 3, 3.50, 0, '2018-05-31 07:44:05', '2018-05-31 07:44:05'),
(180, 9, 1, 1, 2018, 66, 2, 37, 36.00, 7.00, 6.00, NULL, 49.00, 7, 0.00, 0, '2018-05-31 07:44:05', '2018-05-31 07:44:05'),
(181, 9, 2, 1, 2018, 67, 2, 37, 40.00, 14.00, 14.00, NULL, 68.00, 3, 3.50, 0, '2018-05-31 07:45:56', '2018-05-31 07:45:56'),
(182, 9, 2, 1, 2018, 68, 2, 37, 39.00, 14.00, 14.00, NULL, 67.00, 3, 3.50, 0, '2018-05-31 07:45:56', '2018-05-31 07:45:56'),
(183, 9, 2, 1, 2018, 69, 2, 37, 39.00, 14.00, 13.00, NULL, 66.00, 3, 3.50, 0, '2018-05-31 07:45:56', '2018-05-31 07:45:56'),
(184, 10, 1, 1, 2018, 70, 2, 38, 45.00, 25.00, 0.00, NULL, 70.00, 2, 4.00, 0, '2018-05-31 09:19:32', '2018-05-31 09:19:32'),
(185, 10, 1, 1, 2018, 71, 2, 38, 45.00, 25.00, 0.00, NULL, 70.00, 2, 4.00, 0, '2018-05-31 09:19:32', '2018-05-31 09:19:32'),
(186, 10, 1, 1, 2018, 72, 2, 38, 45.00, 25.00, 0.00, NULL, 70.00, 2, 4.00, 0, '2018-05-31 09:19:32', '2018-05-31 09:19:32'),
(187, 10, 1, 1, 2018, 76, 2, 38, 45.00, 25.00, 0.00, NULL, 70.00, 2, 4.00, 0, '2018-05-31 09:19:32', '2018-05-31 09:19:32'),
(188, 10, 1, 1, 2018, 77, 2, 38, 45.00, 25.00, 0.00, NULL, 70.00, 2, 4.00, 0, '2018-05-31 09:19:32', '2018-05-31 09:19:32'),
(189, 10, 1, 1, 2018, 78, 2, 38, 45.00, 25.00, 0.00, NULL, 70.00, 2, 4.00, 0, '2018-05-31 09:19:32', '2018-05-31 09:19:32'),
(190, 10, 1, 1, 2018, 82, 2, 38, 45.00, 25.00, 0.00, NULL, 70.00, 2, 4.00, 0, '2018-05-31 09:19:32', '2018-05-31 09:19:32'),
(191, 10, 1, 1, 2018, 83, 2, 38, 45.00, 25.00, 0.00, NULL, 70.00, 2, 4.00, 0, '2018-05-31 09:19:32', '2018-05-31 09:19:32'),
(192, 10, 1, 1, 2018, 84, 2, 38, 45.00, 25.00, 0.00, NULL, 70.00, 2, 4.00, 0, '2018-05-31 09:19:32', '2018-05-31 09:19:32'),
(193, 9, 1, 1, 2018, 52, 2, 28, 55.00, 25.00, 0.00, NULL, 80.00, 1, 5.00, 0, '2018-06-02 04:38:58', '2018-06-02 04:38:58'),
(194, 9, 1, 1, 2018, 53, 2, 28, 41.00, 22.00, 0.00, NULL, 63.00, 3, 3.50, 0, '2018-06-02 04:38:58', '2018-06-02 04:38:58'),
(195, 9, 1, 1, 2018, 54, 2, 28, 48.00, 21.00, 0.00, NULL, 69.00, 3, 3.50, 0, '2018-06-02 04:38:58', '2018-06-02 04:38:58'),
(196, 9, 1, 1, 2018, 58, 2, 28, 39.00, 21.00, 0.00, NULL, 60.00, 3, 3.50, 0, '2018-06-02 04:38:58', '2018-06-02 04:38:58'),
(197, 9, 1, 1, 2018, 59, 2, 28, 42.00, 21.00, 0.00, NULL, 63.00, 3, 3.50, 0, '2018-06-02 04:38:58', '2018-06-02 04:38:58'),
(198, 9, 1, 1, 2018, 60, 2, 28, 50.00, 18.00, 0.00, NULL, 68.00, 3, 3.50, 0, '2018-06-02 04:38:58', '2018-06-02 04:38:58'),
(199, 9, 1, 1, 2018, 64, 2, 28, 40.00, 22.00, 0.00, NULL, 62.00, 3, 3.50, 0, '2018-06-02 04:38:58', '2018-06-02 04:38:58'),
(200, 9, 1, 1, 2018, 65, 2, 28, 41.00, 20.00, 0.00, NULL, 61.00, 3, 3.50, 0, '2018-06-02 04:38:58', '2018-06-02 04:38:58'),
(201, 9, 1, 1, 2018, 66, 2, 28, 49.00, 19.00, 0.00, NULL, 68.00, 3, 3.50, 0, '2018-06-02 04:38:58', '2018-06-02 04:38:58'),
(202, 9, 2, 1, 2018, 55, 2, 28, 56.00, 24.00, 0.00, NULL, 80.00, 1, 5.00, 0, '2018-06-02 04:41:30', '2018-06-02 04:41:30'),
(203, 9, 2, 1, 2018, 56, 2, 28, 36.00, 19.00, 0.00, NULL, 55.00, 4, 3.00, 0, '2018-06-02 04:41:30', '2018-06-02 04:41:30'),
(204, 9, 2, 1, 2018, 57, 2, 28, 49.00, 25.00, 0.00, NULL, 74.00, 2, 4.00, 0, '2018-06-02 04:41:30', '2018-06-02 04:41:30'),
(205, 9, 2, 1, 2018, 61, 2, 28, 47.00, 21.00, 0.00, NULL, 68.00, 3, 3.50, 0, '2018-06-02 04:41:30', '2018-06-02 04:41:30'),
(206, 9, 2, 1, 2018, 62, 2, 28, 42.00, 19.00, 0.00, NULL, 61.00, 3, 3.50, 0, '2018-06-02 04:41:30', '2018-06-02 04:41:30'),
(207, 9, 2, 1, 2018, 63, 2, 28, 48.00, 15.00, 0.00, NULL, 63.00, 3, 3.50, 0, '2018-06-02 04:41:30', '2018-06-02 04:41:30'),
(208, 9, 2, 1, 2018, 67, 2, 28, 41.00, 20.00, 0.00, NULL, 61.00, 3, 3.50, 0, '2018-06-02 04:41:30', '2018-06-02 04:41:30'),
(209, 9, 2, 1, 2018, 68, 2, 28, 42.00, 20.00, 0.00, NULL, 62.00, 3, 3.50, 0, '2018-06-02 04:41:30', '2018-06-02 04:41:30'),
(210, 9, 2, 1, 2018, 69, 2, 28, 40.00, 25.00, 0.00, NULL, 65.00, 3, 3.50, 0, '2018-06-02 04:41:30', '2018-06-02 04:41:30'),
(211, 9, 1, 1, 2018, 52, 2, 29, 56.00, 24.00, 0.00, NULL, 80.00, 1, 5.00, 0, '2018-06-02 04:43:42', '2018-06-02 04:43:42'),
(212, 9, 1, 1, 2018, 53, 2, 29, 40.00, 18.00, 0.00, NULL, 58.00, 4, 3.00, 0, '2018-06-02 04:43:42', '2018-06-02 04:43:42'),
(213, 9, 1, 1, 2018, 54, 2, 29, 54.00, 26.00, 0.00, NULL, 80.00, 1, 5.00, 0, '2018-06-02 04:43:42', '2018-06-02 04:43:42'),
(214, 9, 1, 1, 2018, 58, 2, 29, 41.00, 21.00, 0.00, NULL, 62.00, 3, 3.50, 0, '2018-06-02 04:43:42', '2018-06-02 04:43:42'),
(215, 9, 1, 1, 2018, 59, 2, 29, 39.00, 21.00, 0.00, NULL, 60.00, 3, 3.50, 0, '2018-06-02 04:43:42', '2018-06-02 04:43:42'),
(216, 9, 1, 1, 2018, 60, 2, 29, 36.00, 21.00, 0.00, NULL, 57.00, 4, 3.00, 0, '2018-06-02 04:43:42', '2018-06-02 04:43:42'),
(217, 9, 1, 1, 2018, 64, 2, 29, 39.00, 20.00, 0.00, NULL, 59.00, 4, 3.00, 0, '2018-06-02 04:43:42', '2018-06-02 04:43:42'),
(218, 9, 1, 1, 2018, 65, 2, 29, 38.00, 20.00, 0.00, NULL, 58.00, 4, 3.00, 0, '2018-06-02 04:43:42', '2018-06-02 04:43:42'),
(219, 9, 1, 1, 2018, 66, 2, 29, 38.00, 19.00, 0.00, NULL, 57.00, 4, 3.00, 0, '2018-06-02 04:43:42', '2018-06-02 04:43:42'),
(220, 9, 2, 1, 2018, 55, 2, 29, 56.00, 24.00, 0.00, NULL, 80.00, 1, 5.00, 0, '2018-06-02 04:45:38', '2018-06-02 04:45:38'),
(221, 9, 2, 1, 2018, 56, 2, 29, 48.00, 20.00, 0.00, NULL, 68.00, 3, 3.50, 0, '2018-06-02 04:45:38', '2018-06-02 04:45:38'),
(222, 9, 2, 1, 2018, 57, 2, 29, 50.00, 25.00, 0.00, NULL, 75.00, 2, 4.00, 0, '2018-06-02 04:45:38', '2018-06-02 04:45:38'),
(223, 9, 2, 1, 2018, 61, 2, 29, 50.00, 18.00, 0.00, NULL, 68.00, 3, 3.50, 0, '2018-06-02 04:45:38', '2018-06-02 04:45:38'),
(224, 9, 2, 1, 2018, 62, 2, 29, 48.00, 20.00, 0.00, NULL, 68.00, 3, 3.50, 0, '2018-06-02 04:45:38', '2018-06-02 04:45:38'),
(225, 9, 2, 1, 2018, 63, 2, 29, 36.00, 24.00, 0.00, NULL, 60.00, 3, 3.50, 0, '2018-06-02 04:45:38', '2018-06-02 04:45:38'),
(226, 9, 2, 1, 2018, 67, 2, 29, 50.00, 18.00, 0.00, NULL, 68.00, 3, 3.50, 0, '2018-06-02 04:45:38', '2018-06-02 04:45:38'),
(227, 9, 2, 1, 2018, 68, 2, 29, 48.00, 21.00, 0.00, NULL, 69.00, 3, 3.50, 0, '2018-06-02 04:45:38', '2018-06-02 04:45:38'),
(228, 9, 2, 1, 2018, 69, 2, 29, 45.00, 25.00, 0.00, NULL, 70.00, 2, 4.00, 0, '2018-06-02 04:45:38', '2018-06-02 04:45:38'),
(229, 9, 1, 1, 2018, 52, 2, 30, 54.00, 26.00, 0.00, NULL, 80.00, 1, 5.00, 0, '2018-06-02 04:47:09', '2018-06-02 04:47:09'),
(230, 9, 1, 1, 2018, 53, 2, 30, 36.00, 22.00, 0.00, NULL, 58.00, 4, 3.00, 0, '2018-06-02 04:47:09', '2018-06-02 04:47:09'),
(231, 9, 1, 1, 2018, 54, 2, 30, 55.00, 25.00, 0.00, NULL, 80.00, 1, 5.00, 0, '2018-06-02 04:47:09', '2018-06-02 04:47:09'),
(232, 9, 1, 1, 2018, 58, 2, 30, 48.00, 20.00, 0.00, NULL, 68.00, 3, 3.50, 0, '2018-06-02 04:47:09', '2018-06-02 04:47:09'),
(233, 9, 1, 1, 2018, 59, 2, 30, 39.00, 22.00, 0.00, NULL, 61.00, 3, 3.50, 0, '2018-06-02 04:47:09', '2018-06-02 04:47:09'),
(234, 9, 1, 1, 2018, 60, 2, 30, 39.00, 22.00, 0.00, NULL, 61.00, 3, 3.50, 0, '2018-06-02 04:47:09', '2018-06-02 04:47:09'),
(235, 9, 1, 1, 2018, 64, 2, 30, 39.00, 20.00, 0.00, NULL, 59.00, 4, 3.00, 0, '2018-06-02 04:47:09', '2018-06-02 04:47:09'),
(236, 9, 1, 1, 2018, 65, 2, 30, 40.00, 21.00, 0.00, NULL, 61.00, 3, 3.50, 0, '2018-06-02 04:47:09', '2018-06-02 04:47:09'),
(237, 9, 1, 1, 2018, 66, 2, 30, 40.00, 18.00, 0.00, NULL, 58.00, 4, 3.00, 0, '2018-06-02 04:47:09', '2018-06-02 04:47:09'),
(238, 9, 2, 1, 2018, 55, 2, 30, 56.00, 24.00, 0.00, NULL, 80.00, 1, 5.00, 0, '2018-06-02 04:48:33', '2018-06-02 04:48:33'),
(239, 9, 2, 1, 2018, 56, 2, 30, 45.00, 22.00, 0.00, NULL, 67.00, 3, 3.50, 0, '2018-06-02 04:48:33', '2018-06-02 04:48:33'),
(240, 9, 2, 1, 2018, 57, 2, 30, 50.00, 20.00, 0.00, NULL, 70.00, 2, 4.00, 0, '2018-06-02 04:48:33', '2018-06-02 04:48:33'),
(241, 9, 2, 1, 2018, 61, 2, 30, 39.00, 22.00, 0.00, NULL, 61.00, 3, 3.50, 0, '2018-06-02 04:48:33', '2018-06-02 04:48:33'),
(242, 9, 2, 1, 2018, 62, 2, 30, 49.00, 21.00, 0.00, NULL, 70.00, 2, 4.00, 0, '2018-06-02 04:48:33', '2018-06-02 04:48:33'),
(243, 9, 2, 1, 2018, 63, 2, 30, 38.00, 18.00, 0.00, NULL, 56.00, 4, 3.00, 0, '2018-06-02 04:48:33', '2018-06-02 04:48:33'),
(244, 9, 2, 1, 2018, 67, 2, 30, 45.00, 20.00, 0.00, NULL, 65.00, 3, 3.50, 0, '2018-06-02 04:48:33', '2018-06-02 04:48:33'),
(245, 9, 2, 1, 2018, 68, 2, 30, 38.00, 21.00, 0.00, NULL, 59.00, 4, 3.00, 0, '2018-06-02 04:48:33', '2018-06-02 04:48:33'),
(246, 9, 2, 1, 2018, 69, 2, 30, 49.00, 18.00, 0.00, NULL, 67.00, 3, 3.50, 0, '2018-06-02 04:48:33', '2018-06-02 04:48:33'),
(247, 10, 2, 1, 2018, 73, 2, 38, 49.00, 22.00, 0.00, NULL, 71.00, 2, 4.00, 0, '2018-06-02 04:53:18', '2018-06-02 04:53:18'),
(248, 10, 2, 1, 2018, 74, 2, 38, 48.00, 22.00, 0.00, NULL, 70.00, 2, 4.00, 0, '2018-06-02 04:53:18', '2018-06-02 04:53:18'),
(249, 10, 2, 1, 2018, 75, 2, 38, 39.00, 19.00, 0.00, NULL, 58.00, 4, 3.00, 0, '2018-06-02 04:53:18', '2018-06-02 04:53:18'),
(250, 10, 2, 1, 2018, 79, 2, 38, 48.00, 24.00, 0.00, NULL, 72.00, 2, 4.00, 0, '2018-06-02 04:53:18', '2018-06-02 04:53:18'),
(251, 10, 2, 1, 2018, 80, 2, 38, 39.00, 18.00, 0.00, NULL, 57.00, 4, 3.00, 0, '2018-06-02 04:53:18', '2018-06-02 04:53:18'),
(252, 10, 2, 1, 2018, 81, 2, 38, 36.00, 22.00, 0.00, NULL, 58.00, 4, 3.00, 0, '2018-06-02 04:53:18', '2018-06-02 04:53:18'),
(253, 10, 2, 1, 2018, 85, 2, 38, 39.00, 21.00, 0.00, NULL, 60.00, 3, 3.50, 0, '2018-06-02 04:53:18', '2018-06-02 04:53:18'),
(254, 10, 2, 1, 2018, 86, 2, 38, 39.00, 15.00, 0.00, NULL, 54.00, 4, 3.00, 0, '2018-06-02 04:53:18', '2018-06-02 04:53:18'),
(255, 10, 2, 1, 2018, 87, 2, 38, 36.00, 19.00, 0.00, NULL, 55.00, 4, 3.00, 0, '2018-06-02 04:53:18', '2018-06-02 04:53:18'),
(256, 10, 1, 1, 2018, 70, 2, 39, 50.00, 20.00, 0.00, NULL, 70.00, 2, 4.00, 0, '2018-06-02 04:59:19', '2018-06-02 04:59:19'),
(257, 10, 1, 1, 2018, 71, 2, 39, 36.00, 19.00, 0.00, NULL, 55.00, 4, 3.00, 0, '2018-06-02 04:59:19', '2018-06-02 04:59:19'),
(258, 10, 1, 1, 2018, 72, 2, 39, 39.00, 21.00, 0.00, NULL, 60.00, 3, 3.50, 0, '2018-06-02 04:59:19', '2018-06-02 04:59:19'),
(259, 10, 1, 1, 2018, 76, 2, 39, 49.00, 21.00, 0.00, NULL, 70.00, 2, 4.00, 0, '2018-06-02 04:59:19', '2018-06-02 04:59:19'),
(260, 10, 1, 1, 2018, 77, 2, 39, 39.00, 21.00, 0.00, NULL, 60.00, 3, 3.50, 0, '2018-06-02 04:59:19', '2018-06-02 04:59:19'),
(261, 10, 1, 1, 2018, 78, 2, 39, 42.00, 19.00, 0.00, NULL, 61.00, 3, 3.50, 0, '2018-06-02 04:59:19', '2018-06-02 04:59:19'),
(262, 10, 1, 1, 2018, 82, 2, 39, 39.00, 20.00, 0.00, NULL, 59.00, 4, 3.00, 0, '2018-06-02 04:59:19', '2018-06-02 04:59:19'),
(263, 10, 1, 1, 2018, 83, 2, 39, 40.00, 22.00, 0.00, NULL, 62.00, 3, 3.50, 0, '2018-06-02 04:59:19', '2018-06-02 04:59:19'),
(264, 10, 1, 1, 2018, 84, 2, 39, 39.00, 20.00, 0.00, NULL, 59.00, 4, 3.00, 0, '2018-06-02 04:59:19', '2018-06-02 04:59:19'),
(265, 10, 2, 1, 2018, 73, 2, 39, 49.00, 26.00, 0.00, NULL, 75.00, 2, 4.00, 0, '2018-06-02 05:02:51', '2018-06-02 05:02:51'),
(266, 10, 2, 1, 2018, 74, 2, 39, 36.00, 19.00, 0.00, NULL, 55.00, 4, 3.00, 0, '2018-06-02 05:02:51', '2018-06-02 05:02:51'),
(267, 10, 2, 1, 2018, 75, 2, 39, 38.00, 19.00, 0.00, NULL, 57.00, 4, 3.00, 0, '2018-06-02 05:02:51', '2018-06-02 05:02:51'),
(268, 10, 2, 1, 2018, 79, 2, 39, 40.00, 18.00, 0.00, NULL, 58.00, 4, 3.00, 0, '2018-06-02 05:02:51', '2018-06-02 05:02:51'),
(269, 10, 2, 1, 2018, 80, 2, 39, 40.00, 19.00, 0.00, NULL, 59.00, 4, 3.00, 0, '2018-06-02 05:02:51', '2018-06-02 05:02:51'),
(270, 10, 2, 1, 2018, 81, 2, 39, 40.00, 18.00, 0.00, NULL, 58.00, 4, 3.00, 0, '2018-06-02 05:02:51', '2018-06-02 05:02:51'),
(271, 10, 2, 1, 2018, 85, 2, 39, 40.00, 18.00, 0.00, NULL, 58.00, 4, 3.00, 0, '2018-06-02 05:02:51', '2018-06-02 05:02:51'),
(272, 10, 2, 1, 2018, 86, 2, 39, 39.00, 20.00, 0.00, NULL, 59.00, 4, 3.00, 0, '2018-06-02 05:02:51', '2018-06-02 05:02:51'),
(273, 10, 2, 1, 2018, 87, 2, 39, 40.00, 19.00, 0.00, NULL, 59.00, 4, 3.00, 0, '2018-06-02 05:02:51', '2018-06-02 05:02:51'),
(274, 10, 1, 1, 2018, 70, 2, 40, 45.00, 25.00, 0.00, NULL, 70.00, 2, 4.00, 0, '2018-06-02 05:05:08', '2018-06-02 05:05:08'),
(275, 10, 1, 1, 2018, 71, 2, 40, 39.00, 15.00, 0.00, NULL, 54.00, 4, 3.00, 0, '2018-06-02 05:05:08', '2018-06-02 05:05:08'),
(276, 10, 1, 1, 2018, 72, 2, 40, 40.00, 19.00, 0.00, NULL, 59.00, 4, 3.00, 0, '2018-06-02 05:05:08', '2018-06-02 05:05:08'),
(277, 10, 1, 1, 2018, 76, 2, 40, 41.00, 20.00, 0.00, NULL, 61.00, 3, 3.50, 0, '2018-06-02 05:05:08', '2018-06-02 05:05:08'),
(278, 10, 1, 1, 2018, 77, 2, 40, 39.00, 19.00, 0.00, NULL, 58.00, 4, 3.00, 0, '2018-06-02 05:05:08', '2018-06-02 05:05:08'),
(279, 10, 1, 1, 2018, 78, 2, 40, 41.00, 19.00, 0.00, NULL, 60.00, 3, 3.50, 0, '2018-06-02 05:05:08', '2018-06-02 05:05:08'),
(280, 10, 1, 1, 2018, 82, 2, 40, 39.00, 21.00, 0.00, NULL, 60.00, 3, 3.50, 0, '2018-06-02 05:05:08', '2018-06-02 05:05:08'),
(281, 10, 1, 1, 2018, 83, 2, 40, 40.00, 15.00, 0.00, NULL, 55.00, 4, 3.00, 0, '2018-06-02 05:05:08', '2018-06-02 05:05:08'),
(282, 10, 1, 1, 2018, 84, 2, 40, 41.00, 21.00, 0.00, NULL, 62.00, 3, 3.50, 0, '2018-06-02 05:05:08', '2018-06-02 05:05:08'),
(283, 10, 2, 1, 2018, 73, 2, 40, 45.00, 21.00, 0.00, NULL, 66.00, 3, 3.50, 0, '2018-06-02 05:06:20', '2018-06-02 05:06:20'),
(284, 10, 2, 1, 2018, 74, 2, 40, 39.00, 12.00, 0.00, NULL, 51.00, 4, 3.00, 0, '2018-06-02 05:06:20', '2018-06-02 05:06:20'),
(285, 10, 2, 1, 2018, 75, 2, 40, 41.00, 19.00, 0.00, NULL, 60.00, 3, 3.50, 0, '2018-06-02 05:06:20', '2018-06-02 05:06:20'),
(286, 10, 2, 1, 2018, 79, 2, 40, 48.00, 20.00, 0.00, NULL, 68.00, 3, 3.50, 0, '2018-06-02 05:06:20', '2018-06-02 05:06:20'),
(287, 10, 2, 1, 2018, 80, 2, 40, 40.00, 15.00, 0.00, NULL, 55.00, 4, 3.00, 0, '2018-06-02 05:06:20', '2018-06-02 05:06:20'),
(288, 10, 2, 1, 2018, 81, 2, 40, 40.00, 19.00, 0.00, NULL, 59.00, 4, 3.00, 0, '2018-06-02 05:06:20', '2018-06-02 05:06:20'),
(289, 10, 2, 1, 2018, 85, 2, 40, 40.00, 20.00, 0.00, NULL, 60.00, 3, 3.50, 0, '2018-06-02 05:06:20', '2018-06-02 05:06:20'),
(290, 10, 2, 1, 2018, 86, 2, 40, 42.00, 19.00, 0.00, NULL, 61.00, 3, 3.50, 0, '2018-06-02 05:06:20', '2018-06-02 05:06:20'),
(291, 10, 2, 1, 2018, 87, 2, 40, 42.00, 18.00, 0.00, NULL, 60.00, 3, 3.50, 0, '2018-06-02 05:06:20', '2018-06-02 05:06:20'),
(292, 10, 1, 1, 2018, 70, 2, 41, 39.00, 16.00, 15.00, NULL, 70.00, 2, 4.00, 0, '2018-06-02 05:09:35', '2018-06-02 05:09:35'),
(293, 10, 1, 1, 2018, 71, 2, 41, 36.00, 14.00, 15.00, NULL, 65.00, 3, 3.50, 0, '2018-06-02 05:09:35', '2018-06-02 05:09:35'),
(294, 10, 1, 1, 2018, 72, 2, 41, 35.00, 13.00, 15.00, NULL, 63.00, 3, 3.50, 0, '2018-06-02 05:09:35', '2018-06-02 05:09:35'),
(295, 10, 2, 1, 2018, 73, 2, 41, 40.00, 15.00, 15.00, NULL, 70.00, 2, 4.00, 0, '2018-06-02 05:11:36', '2018-06-02 05:11:36'),
(296, 10, 2, 1, 2018, 74, 2, 41, 37.00, 12.00, 15.00, NULL, 64.00, 3, 3.50, 0, '2018-06-02 05:11:36', '2018-06-02 05:11:36'),
(297, 10, 2, 1, 2018, 75, 2, 41, 36.00, 11.00, 15.00, NULL, 62.00, 3, 3.50, 0, '2018-06-02 05:11:36', '2018-06-02 05:11:36'),
(298, 10, 1, 1, 2018, 70, 2, 43, 40.00, 15.00, 15.00, NULL, 70.00, 2, 4.00, 0, '2018-06-02 05:15:35', '2018-06-02 05:15:35'),
(299, 10, 1, 1, 2018, 71, 2, 43, 19.00, 11.00, 15.00, NULL, 45.00, 7, 0.00, 0, '2018-06-02 05:15:35', '2018-06-02 05:15:35'),
(300, 10, 1, 1, 2018, 72, 2, 43, 38.00, 14.00, 15.00, NULL, 67.00, 3, 3.50, 0, '2018-06-02 05:15:35', '2018-06-02 05:15:35'),
(301, 10, 2, 1, 2018, 73, 2, 43, 39.00, 16.00, 15.00, NULL, 70.00, 2, 4.00, 0, '2018-06-02 05:16:49', '2018-06-02 05:16:49'),
(302, 10, 2, 1, 2018, 74, 2, 43, 40.00, 15.00, 15.00, NULL, 70.00, 2, 4.00, 0, '2018-06-02 05:16:49', '2018-06-02 05:16:49'),
(303, 10, 2, 1, 2018, 75, 2, 43, 34.00, 11.00, 11.00, NULL, 56.00, 4, 3.00, 0, '2018-06-02 05:16:49', '2018-06-02 05:16:49'),
(304, 10, 1, 1, 2018, 76, 2, 44, 40.00, 15.00, 15.00, NULL, 70.00, 2, 4.00, 0, '2018-06-02 05:18:01', '2018-06-02 05:18:01'),
(305, 10, 1, 1, 2018, 77, 2, 44, 36.00, 15.00, 15.00, NULL, 66.00, 3, 3.50, 0, '2018-06-02 05:18:01', '2018-06-02 05:18:01'),
(306, 10, 1, 1, 2018, 78, 2, 44, 36.00, 11.00, 15.00, NULL, 62.00, 3, 3.50, 0, '2018-06-02 05:18:01', '2018-06-02 05:18:01'),
(307, 10, 2, 1, 2018, 79, 2, 44, 39.00, 15.00, 15.00, NULL, 69.00, 3, 3.50, 0, '2018-06-02 05:19:28', '2018-06-02 05:19:28'),
(308, 10, 2, 1, 2018, 80, 2, 44, 34.00, 11.00, 15.00, NULL, 60.00, 3, 3.50, 0, '2018-06-02 05:19:28', '2018-06-02 05:19:28'),
(309, 10, 2, 1, 2018, 81, 2, 44, 25.00, 15.00, 15.00, NULL, 55.00, 4, 3.00, 0, '2018-06-02 05:19:28', '2018-06-02 05:19:28'),
(310, 10, 1, 1, 2018, 76, 2, 45, 45.00, 15.00, 15.00, NULL, 75.00, 2, 4.00, 0, '2018-06-02 05:20:45', '2018-06-02 05:20:45'),
(311, 10, 1, 1, 2018, 77, 2, 45, 40.00, 15.00, 15.00, NULL, 70.00, 2, 4.00, 0, '2018-06-02 05:20:45', '2018-06-02 05:20:45'),
(312, 10, 1, 1, 2018, 78, 2, 45, 39.00, 15.00, 15.00, NULL, 69.00, 3, 3.50, 0, '2018-06-02 05:20:45', '2018-06-02 05:20:45'),
(313, 10, 2, 1, 2018, 79, 2, 45, 44.00, 15.00, 15.00, NULL, 74.00, 2, 4.00, 0, '2018-06-02 05:21:52', '2018-06-02 05:21:52'),
(314, 10, 2, 1, 2018, 80, 2, 45, 39.00, 15.00, 16.00, NULL, 70.00, 2, 4.00, 0, '2018-06-02 05:21:52', '2018-06-02 05:21:52'),
(315, 10, 2, 1, 2018, 81, 2, 45, 36.00, 14.00, 15.00, NULL, 65.00, 3, 3.50, 0, '2018-06-02 05:21:52', '2018-06-02 05:21:52'),
(316, 10, 1, 1, 2018, 82, 2, 46, 40.00, 12.00, 15.00, NULL, 67.00, 3, 3.50, 0, '2018-06-02 05:23:18', '2018-06-02 05:23:18'),
(317, 10, 1, 1, 2018, 83, 2, 46, 39.00, 12.00, 15.00, NULL, 66.00, 3, 3.50, 0, '2018-06-02 05:23:18', '2018-06-02 05:23:18'),
(318, 10, 1, 1, 2018, 84, 2, 46, 40.00, 15.00, 11.00, NULL, 66.00, 3, 3.50, 0, '2018-06-02 05:23:18', '2018-06-02 05:23:18'),
(319, 10, 2, 1, 2018, 85, 2, 46, 40.00, 15.00, 15.00, NULL, 70.00, 2, 4.00, 0, '2018-06-02 05:24:09', '2018-06-02 05:24:09'),
(320, 10, 2, 1, 2018, 86, 2, 46, 0.00, 0.00, 0.00, NULL, 0.00, 7, 0.00, 1, '2018-06-02 05:24:09', '2018-06-02 05:24:09'),
(321, 10, 2, 1, 2018, 87, 2, 46, 39.00, 15.00, 15.00, NULL, 69.00, 3, 3.50, 0, '2018-06-02 05:24:09', '2018-06-02 05:24:09'),
(322, 10, 1, 1, 2018, 82, 2, 47, 40.00, 15.00, 15.00, NULL, 70.00, 2, 4.00, 0, '2018-06-02 05:25:12', '2018-06-02 05:25:12'),
(323, 10, 1, 1, 2018, 83, 2, 47, 36.00, 15.00, 15.00, NULL, 66.00, 3, 3.50, 0, '2018-06-02 05:25:12', '2018-06-02 05:25:12'),
(324, 10, 1, 1, 2018, 84, 2, 47, 34.00, 15.00, 15.00, NULL, 64.00, 3, 3.50, 0, '2018-06-02 05:25:12', '2018-06-02 05:25:12'),
(325, 10, 2, 1, 2018, 85, 2, 47, 40.00, 15.00, 15.00, NULL, 70.00, 2, 4.00, 0, '2018-06-02 05:26:14', '2018-06-02 05:26:14'),
(326, 10, 2, 1, 2018, 86, 2, 47, 36.00, 15.00, 15.00, NULL, 66.00, 3, 3.50, 0, '2018-06-02 05:26:14', '2018-06-02 05:26:14'),
(327, 10, 2, 1, 2018, 87, 2, 47, 36.00, 15.00, 15.00, NULL, 66.00, 3, 3.50, 0, '2018-06-02 05:26:14', '2018-06-02 05:26:14'),
(328, 1, 1, 1, 2018, 2, 3, 1, 70.00, 0.00, 0.00, NULL, 70.00, 2, 4.00, 0, '2018-06-02 06:07:45', '2018-06-02 06:07:45'),
(329, 1, 1, 1, 2018, 4, 3, 1, 60.00, 0.00, 0.00, NULL, 60.00, 3, 3.50, 0, '2018-06-02 06:07:45', '2018-06-02 06:07:45'),
(330, 1, 1, 1, 2018, 51, 3, 1, 80.00, 0.00, 0.00, NULL, 80.00, 1, 5.00, 0, '2018-06-02 06:07:45', '2018-06-02 06:07:45'),
(331, 1, 2, 1, 2018, 5, 3, 1, 80.00, 0.00, 0.00, NULL, 80.00, 1, 5.00, 0, '2018-06-02 06:08:42', '2018-06-02 06:08:42'),
(332, 1, 2, 1, 2018, 6, 3, 1, 70.00, 0.00, 0.00, NULL, 70.00, 2, 4.00, 0, '2018-06-02 06:08:42', '2018-06-02 06:08:42'),
(333, 1, 2, 1, 2018, 7, 3, 1, 60.00, 0.00, 0.00, NULL, 60.00, 3, 3.50, 0, '2018-06-02 06:08:42', '2018-06-02 06:08:42'),
(334, 1, 1, 1, 2018, 2, 3, 2, 70.00, 0.00, 0.00, NULL, 70.00, 2, 4.00, 0, '2018-06-02 06:09:42', '2018-06-02 06:09:42'),
(335, 1, 1, 1, 2018, 4, 3, 2, 60.00, 0.00, 0.00, NULL, 60.00, 3, 3.50, 0, '2018-06-02 06:09:42', '2018-06-02 06:09:42'),
(336, 1, 1, 1, 2018, 51, 3, 2, 80.00, 0.00, 0.00, NULL, 80.00, 1, 5.00, 0, '2018-06-02 06:09:42', '2018-06-02 06:09:42'),
(337, 1, 2, 1, 2018, 5, 3, 2, 80.00, 0.00, 0.00, NULL, 80.00, 1, 5.00, 0, '2018-06-02 06:10:15', '2018-06-02 06:10:15'),
(338, 1, 2, 1, 2018, 6, 3, 2, 70.00, 0.00, 0.00, NULL, 70.00, 2, 4.00, 0, '2018-06-02 06:10:15', '2018-06-02 06:10:15'),
(339, 1, 2, 1, 2018, 7, 3, 2, 60.00, 0.00, 0.00, NULL, 60.00, 3, 3.50, 0, '2018-06-02 06:10:15', '2018-06-02 06:10:15'),
(340, 1, 1, 1, 2018, 2, 3, 3, 70.00, 0.00, 0.00, NULL, 70.00, 2, 4.00, 0, '2018-06-02 06:11:24', '2018-06-02 06:11:24'),
(341, 1, 1, 1, 2018, 4, 3, 3, 60.00, 0.00, 0.00, NULL, 60.00, 3, 3.50, 0, '2018-06-02 06:11:24', '2018-06-02 06:11:24'),
(342, 1, 1, 1, 2018, 51, 3, 3, 80.00, 0.00, 0.00, NULL, 80.00, 1, 5.00, 0, '2018-06-02 06:11:24', '2018-06-02 06:11:24'),
(343, 1, 2, 1, 2018, 5, 3, 3, 80.00, 0.00, 0.00, NULL, 80.00, 1, 5.00, 0, '2018-06-02 06:11:54', '2018-06-02 06:11:54'),
(344, 1, 2, 1, 2018, 6, 3, 3, 70.00, 0.00, 0.00, NULL, 70.00, 2, 4.00, 0, '2018-06-02 06:11:54', '2018-06-02 06:11:54'),
(345, 1, 2, 1, 2018, 7, 3, 3, 60.00, 0.00, 0.00, NULL, 60.00, 3, 3.50, 0, '2018-06-02 06:11:54', '2018-06-02 06:11:54'),
(346, 2, 1, 1, 2018, 9, 3, 10, 78.00, 0.00, 0.00, NULL, 78.00, 2, 4.00, 0, '2018-06-02 06:21:03', '2018-06-02 06:21:03'),
(347, 2, 1, 1, 2018, 10, 3, 10, 58.00, 0.00, 0.00, NULL, 58.00, 4, 3.00, 0, '2018-06-02 06:21:03', '2018-06-02 06:21:03'),
(348, 2, 1, 1, 2018, 12, 3, 10, 48.00, 0.00, 0.00, NULL, 48.00, 5, 2.00, 0, '2018-06-02 06:21:03', '2018-06-02 06:21:03'),
(349, 2, 2, 1, 2018, 11, 3, 10, 78.00, 0.00, 0.00, NULL, 78.00, 2, 4.00, 0, '2018-06-02 06:22:01', '2018-06-02 06:22:01'),
(350, 2, 2, 1, 2018, 13, 3, 10, 58.00, 0.00, 0.00, NULL, 58.00, 4, 3.00, 0, '2018-06-02 06:22:01', '2018-06-02 06:22:01'),
(351, 2, 2, 1, 2018, 14, 3, 10, 48.00, 0.00, 0.00, NULL, 48.00, 5, 2.00, 0, '2018-06-02 06:22:01', '2018-06-02 06:22:01'),
(352, 2, 1, 1, 2018, 9, 3, 5, 68.00, 0.00, 0.00, NULL, 68.00, 3, 3.50, 0, '2018-06-02 06:23:51', '2018-06-02 06:23:51'),
(353, 2, 1, 1, 2018, 10, 3, 5, 59.00, 0.00, 0.00, NULL, 59.00, 4, 3.00, 0, '2018-06-02 06:23:51', '2018-06-02 06:23:51'),
(354, 2, 1, 1, 2018, 12, 3, 5, 45.00, 0.00, 0.00, NULL, 45.00, 5, 2.00, 0, '2018-06-02 06:23:51', '2018-06-02 06:23:51'),
(355, 2, 2, 1, 2018, 11, 3, 5, 68.00, 0.00, 0.00, NULL, 68.00, 3, 3.50, 0, '2018-06-02 06:26:53', '2018-06-02 06:26:53'),
(356, 2, 2, 1, 2018, 13, 3, 5, 58.00, 0.00, 0.00, NULL, 58.00, 4, 3.00, 0, '2018-06-02 06:26:53', '2018-06-02 06:26:53'),
(357, 2, 2, 1, 2018, 14, 3, 5, 48.00, 0.00, 0.00, NULL, 48.00, 5, 2.00, 0, '2018-06-02 06:26:53', '2018-06-02 06:26:53'),
(358, 2, 1, 1, 2018, 9, 3, 6, 58.00, 0.00, 0.00, NULL, 58.00, 4, 3.00, 0, '2018-06-02 06:27:54', '2018-06-02 06:27:54'),
(359, 2, 1, 1, 2018, 10, 3, 6, 48.00, 0.00, 0.00, NULL, 48.00, 5, 2.00, 0, '2018-06-02 06:27:54', '2018-06-02 06:27:54'),
(360, 2, 1, 1, 2018, 12, 3, 6, 33.00, 0.00, 0.00, NULL, 33.00, 6, 1.00, 0, '2018-06-02 06:27:54', '2018-06-02 06:27:54'),
(361, 3, 1, 1, 2018, 15, 3, 7, 70.00, 0.00, 0.00, NULL, 70.00, 2, 4.00, 0, '2018-06-02 06:32:48', '2018-06-02 06:32:48'),
(362, 3, 1, 1, 2018, 16, 3, 7, 60.00, 0.00, 0.00, NULL, 60.00, 3, 3.50, 0, '2018-06-02 06:32:48', '2018-06-02 06:32:48'),
(363, 3, 1, 1, 2018, 17, 3, 7, 50.00, 0.00, 0.00, NULL, 50.00, 4, 3.00, 0, '2018-06-02 06:32:48', '2018-06-02 06:32:48'),
(364, 3, 2, 1, 2018, 18, 3, 7, 65.00, 0.00, 0.00, NULL, 65.00, 3, 3.50, 0, '2018-06-02 06:33:50', '2018-06-02 06:33:50'),
(365, 3, 2, 1, 2018, 19, 3, 7, 55.00, 0.00, 0.00, NULL, 55.00, 4, 3.00, 0, '2018-06-02 06:33:50', '2018-06-02 06:33:50'),
(366, 3, 2, 1, 2018, 20, 3, 7, 45.00, 0.00, 0.00, NULL, 45.00, 5, 2.00, 0, '2018-06-02 06:33:50', '2018-06-02 06:33:50'),
(367, 3, 1, 1, 2018, 15, 3, 8, 68.00, 0.00, 0.00, NULL, 68.00, 3, 3.50, 0, '2018-06-02 06:40:37', '2018-06-02 06:40:37'),
(368, 3, 1, 1, 2018, 16, 3, 8, 55.00, 0.00, 0.00, NULL, 55.00, 4, 3.00, 0, '2018-06-02 06:40:37', '2018-06-02 06:40:37'),
(369, 3, 1, 1, 2018, 17, 3, 8, 45.00, 0.00, 0.00, NULL, 45.00, 5, 2.00, 0, '2018-06-02 06:40:37', '2018-06-02 06:40:37'),
(370, 3, 2, 1, 2018, 18, 3, 8, 70.00, 0.00, 0.00, NULL, 70.00, 2, 4.00, 0, '2018-06-02 06:42:21', '2018-06-02 06:42:21'),
(371, 3, 2, 1, 2018, 19, 3, 8, 64.00, 0.00, 0.00, NULL, 64.00, 3, 3.50, 0, '2018-06-02 06:42:21', '2018-06-02 06:42:21'),
(372, 3, 2, 1, 2018, 20, 3, 8, 58.00, 0.00, 0.00, NULL, 58.00, 4, 3.00, 0, '2018-06-02 06:42:21', '2018-06-02 06:42:21'),
(373, 3, 1, 1, 2018, 15, 3, 9, 59.00, 0.00, 0.00, NULL, 59.00, 4, 3.00, 0, '2018-06-02 06:49:42', '2018-06-02 06:49:42'),
(374, 3, 1, 1, 2018, 16, 3, 9, 58.00, 0.00, 0.00, NULL, 58.00, 4, 3.00, 0, '2018-06-02 06:49:42', '2018-06-02 06:49:42'),
(375, 3, 1, 1, 2018, 17, 3, 9, 55.00, 0.00, 0.00, NULL, 55.00, 4, 3.00, 0, '2018-06-02 06:49:42', '2018-06-02 06:49:42'),
(376, 3, 2, 1, 2018, 18, 3, 9, 65.00, 0.00, 0.00, NULL, 65.00, 3, 3.50, 0, '2018-06-02 06:50:54', '2018-06-02 06:50:54'),
(377, 3, 2, 1, 2018, 19, 3, 9, 78.00, 0.00, 0.00, NULL, 78.00, 2, 4.00, 0, '2018-06-02 06:50:54', '2018-06-02 06:50:54'),
(378, 3, 2, 1, 2018, 20, 3, 9, 45.00, 0.00, 0.00, NULL, 45.00, 5, 2.00, 0, '2018-06-02 06:50:54', '2018-06-02 06:50:54'),
(379, 4, 1, 1, 2018, 21, 3, 12, 60.00, 0.00, 0.00, NULL, 60.00, 3, 3.50, 0, '2018-06-02 06:57:44', '2018-06-02 06:57:44'),
(380, 4, 1, 1, 2018, 22, 3, 12, 65.00, 0.00, 0.00, NULL, 65.00, 3, 3.50, 0, '2018-06-02 06:57:44', '2018-06-02 06:57:44'),
(381, 4, 1, 1, 2018, 23, 3, 12, 55.00, 0.00, 0.00, NULL, 55.00, 4, 3.00, 0, '2018-06-02 06:57:44', '2018-06-02 06:57:44'),
(382, 4, 2, 1, 2018, 24, 3, 12, 78.00, 0.00, 0.00, NULL, 78.00, 2, 4.00, 0, '2018-06-02 06:59:29', '2018-06-02 06:59:29'),
(383, 4, 2, 1, 2018, 25, 3, 12, 68.00, 0.00, 0.00, NULL, 68.00, 3, 3.50, 0, '2018-06-02 06:59:29', '2018-06-02 06:59:29'),
(384, 4, 2, 1, 2018, 26, 3, 12, 60.00, 0.00, 0.00, NULL, 60.00, 3, 3.50, 0, '2018-06-02 06:59:29', '2018-06-02 06:59:29'),
(385, 4, 1, 1, 2018, 21, 3, 13, 65.00, 0.00, 0.00, NULL, 65.00, 3, 3.50, 0, '2018-06-02 07:01:40', '2018-06-02 07:01:40'),
(386, 4, 1, 1, 2018, 22, 3, 13, 70.00, 0.00, 0.00, NULL, 70.00, 2, 4.00, 0, '2018-06-02 07:01:40', '2018-06-02 07:01:40'),
(387, 4, 1, 1, 2018, 23, 3, 13, 55.00, 0.00, 0.00, NULL, 55.00, 4, 3.00, 0, '2018-06-02 07:01:40', '2018-06-02 07:01:40'),
(388, 4, 2, 1, 2018, 24, 3, 13, 70.00, 0.00, 0.00, NULL, 70.00, 2, 4.00, 0, '2018-06-02 07:02:15', '2018-06-02 07:02:15'),
(389, 4, 2, 1, 2018, 25, 3, 13, 60.00, 0.00, 0.00, NULL, 60.00, 3, 3.50, 0, '2018-06-02 07:02:15', '2018-06-02 07:02:15'),
(390, 4, 2, 1, 2018, 26, 3, 13, 50.00, 0.00, 0.00, NULL, 50.00, 4, 3.00, 0, '2018-06-02 07:02:15', '2018-06-02 07:02:15'),
(391, 4, 1, 1, 2018, 21, 3, 16, 78.00, 0.00, 0.00, NULL, 78.00, 2, 4.00, 0, '2018-06-02 07:03:36', '2018-06-02 07:03:36'),
(392, 4, 1, 1, 2018, 22, 3, 16, 65.00, 0.00, 0.00, NULL, 65.00, 3, 3.50, 0, '2018-06-02 07:03:36', '2018-06-02 07:03:36'),
(393, 4, 1, 1, 2018, 23, 3, 16, 60.00, 0.00, 0.00, NULL, 60.00, 3, 3.50, 0, '2018-06-02 07:03:36', '2018-06-02 07:03:36'),
(394, 4, 2, 1, 2018, 24, 3, 16, 68.00, 0.00, 0.00, NULL, 68.00, 3, 3.50, 0, '2018-06-02 07:04:07', '2018-06-02 07:04:07'),
(395, 4, 2, 1, 2018, 25, 3, 16, 60.00, 0.00, 0.00, NULL, 60.00, 3, 3.50, 0, '2018-06-02 07:04:07', '2018-06-02 07:04:07'),
(396, 4, 2, 1, 2018, 26, 3, 16, 50.00, 0.00, 0.00, NULL, 50.00, 4, 3.00, 0, '2018-06-02 07:04:07', '2018-06-02 07:04:07'),
(397, 5, 1, 1, 2018, 27, 3, 15, 80.00, 0.00, 0.00, NULL, 80.00, 1, 5.00, 0, '2018-06-02 07:05:37', '2018-06-02 07:05:37'),
(398, 5, 1, 1, 2018, 28, 3, 15, 70.00, 0.00, 0.00, NULL, 70.00, 2, 4.00, 0, '2018-06-02 07:05:37', '2018-06-02 07:05:37'),
(399, 5, 1, 1, 2018, 29, 3, 15, 60.00, 0.00, 0.00, NULL, 60.00, 3, 3.50, 0, '2018-06-02 07:05:37', '2018-06-02 07:05:37'),
(400, 5, 2, 1, 2018, 30, 3, 15, 68.00, 0.00, 0.00, NULL, 68.00, 3, 3.50, 0, '2018-06-02 07:06:15', '2018-06-02 07:06:15'),
(401, 5, 2, 1, 2018, 31, 3, 15, 58.00, 0.00, 0.00, NULL, 58.00, 4, 3.00, 0, '2018-06-02 07:06:15', '2018-06-02 07:06:15'),
(402, 5, 2, 1, 2018, 32, 3, 15, 48.00, 0.00, 0.00, NULL, 48.00, 5, 2.00, 0, '2018-06-02 07:06:15', '2018-06-02 07:06:15'),
(403, 5, 1, 1, 2018, 27, 3, 17, 80.00, 0.00, 0.00, NULL, 80.00, 1, 5.00, 0, '2018-06-02 07:07:18', '2018-06-02 07:07:18'),
(404, 5, 1, 1, 2018, 28, 3, 17, 75.00, 0.00, 0.00, NULL, 75.00, 2, 4.00, 0, '2018-06-02 07:07:18', '2018-06-02 07:07:18'),
(405, 5, 1, 1, 2018, 29, 3, 17, 55.00, 0.00, 0.00, NULL, 55.00, 4, 3.00, 0, '2018-06-02 07:07:18', '2018-06-02 07:07:18'),
(406, 5, 2, 1, 2018, 30, 3, 17, 78.00, 0.00, 0.00, NULL, 78.00, 2, 4.00, 0, '2018-06-02 07:08:46', '2018-06-02 07:08:46'),
(407, 5, 2, 1, 2018, 31, 3, 17, 56.00, 0.00, 0.00, NULL, 56.00, 4, 3.00, 0, '2018-06-02 07:08:46', '2018-06-02 07:08:46'),
(408, 5, 2, 1, 2018, 32, 3, 17, 60.00, 0.00, 0.00, NULL, 60.00, 3, 3.50, 0, '2018-06-02 07:08:46', '2018-06-02 07:08:46'),
(409, 5, 1, 1, 2018, 27, 3, 14, 78.00, 0.00, 0.00, NULL, 78.00, 2, 4.00, 0, '2018-06-02 07:09:52', '2018-06-02 07:09:52'),
(410, 5, 1, 1, 2018, 28, 3, 14, 70.00, 0.00, 0.00, NULL, 70.00, 2, 4.00, 0, '2018-06-02 07:09:52', '2018-06-02 07:09:52'),
(411, 5, 1, 1, 2018, 29, 3, 14, 50.00, 0.00, 0.00, NULL, 50.00, 4, 3.00, 0, '2018-06-02 07:09:52', '2018-06-02 07:09:52'),
(412, 5, 2, 1, 2018, 30, 3, 14, 68.00, 0.00, 0.00, NULL, 68.00, 3, 3.50, 0, '2018-06-02 07:10:48', '2018-06-02 07:10:48');
INSERT INTO `marks` (`id`, `the_class_id`, `section_id`, `shift_id`, `session`, `student_id`, `exam_term_id`, `subject_id`, `written`, `mcq`, `practical`, `class_attendance`, `total_marks`, `grade_id`, `point`, `absent`, `created_at`, `updated_at`) VALUES
(413, 5, 2, 1, 2018, 31, 3, 14, 61.00, 0.00, 0.00, NULL, 61.00, 3, 3.50, 0, '2018-06-02 07:10:48', '2018-06-02 07:10:48'),
(414, 5, 2, 1, 2018, 32, 3, 14, 55.00, 0.00, 0.00, NULL, 55.00, 4, 3.00, 0, '2018-06-02 07:10:48', '2018-06-02 07:10:48'),
(415, 6, 1, 1, 2018, 33, 3, 18, 54.00, 24.00, 0.00, NULL, 78.00, 2, 4.00, 0, '2018-06-02 07:13:16', '2018-06-02 07:13:16'),
(416, 6, 1, 1, 2018, 34, 3, 18, 51.00, 20.00, 0.00, NULL, 71.00, 2, 4.00, 0, '2018-06-02 07:13:16', '2018-06-02 07:13:16'),
(417, 6, 1, 1, 2018, 35, 3, 18, 49.00, 18.00, 0.00, NULL, 67.00, 3, 3.50, 0, '2018-06-02 07:13:16', '2018-06-02 07:13:16'),
(418, 6, 2, 1, 2018, 36, 3, 18, 56.00, 19.00, 0.00, NULL, 75.00, 2, 4.00, 0, '2018-06-02 07:14:33', '2018-06-02 07:14:33'),
(419, 6, 2, 1, 2018, 37, 3, 18, 58.00, 20.00, 0.00, NULL, 78.00, 2, 4.00, 0, '2018-06-02 07:14:33', '2018-06-02 07:14:33'),
(420, 6, 2, 1, 2018, 38, 3, 18, 39.00, 24.00, 0.00, NULL, 63.00, 3, 3.50, 0, '2018-06-02 07:14:33', '2018-06-02 07:14:33'),
(421, 6, 1, 1, 2018, 33, 3, 21, 50.00, 20.00, 0.00, NULL, 70.00, 2, 4.00, 0, '2018-06-02 07:15:25', '2018-06-02 07:15:25'),
(422, 6, 1, 1, 2018, 34, 3, 21, 51.00, 15.00, 0.00, NULL, 66.00, 3, 3.50, 0, '2018-06-02 07:15:25', '2018-06-02 07:15:25'),
(423, 6, 1, 1, 2018, 35, 3, 21, 48.00, 20.00, 0.00, NULL, 68.00, 3, 3.50, 0, '2018-06-02 07:15:25', '2018-06-02 07:15:25'),
(424, 6, 2, 1, 2018, 36, 3, 21, 41.00, 20.00, 0.00, NULL, 61.00, 3, 3.50, 0, '2018-06-02 07:16:22', '2018-06-02 07:16:22'),
(425, 6, 2, 1, 2018, 37, 3, 21, 40.00, 20.00, 0.00, NULL, 60.00, 3, 3.50, 0, '2018-06-02 07:16:22', '2018-06-02 07:16:22'),
(426, 6, 2, 1, 2018, 38, 3, 21, 39.00, 15.00, 0.00, NULL, 54.00, 4, 3.00, 0, '2018-06-02 07:16:22', '2018-06-02 07:16:22'),
(427, 6, 1, 1, 2018, 33, 3, 20, 50.00, 20.00, 0.00, NULL, 70.00, 2, 4.00, 0, '2018-06-02 07:18:07', '2018-06-02 07:18:07'),
(428, 6, 1, 1, 2018, 34, 3, 20, 48.00, 21.00, 0.00, NULL, 69.00, 3, 3.50, 0, '2018-06-02 07:18:07', '2018-06-02 07:18:07'),
(429, 6, 1, 1, 2018, 35, 3, 20, 50.00, 14.00, 0.00, NULL, 64.00, 3, 3.50, 0, '2018-06-02 07:18:07', '2018-06-02 07:18:07'),
(430, 6, 2, 1, 2018, 36, 3, 20, 45.00, 14.00, 0.00, NULL, 59.00, 4, 3.00, 0, '2018-06-02 07:18:46', '2018-06-02 07:18:46'),
(431, 6, 2, 1, 2018, 37, 3, 20, 49.00, 19.00, 0.00, NULL, 68.00, 3, 3.50, 0, '2018-06-02 07:18:46', '2018-06-02 07:18:46'),
(432, 6, 2, 1, 2018, 38, 3, 20, 39.00, 15.00, 0.00, NULL, 54.00, 4, 3.00, 0, '2018-06-02 07:18:46', '2018-06-02 07:18:46'),
(433, 7, 1, 1, 2018, 39, 3, 22, 54.00, 24.00, 0.00, NULL, 78.00, 2, 4.00, 0, '2018-06-02 07:36:12', '2018-06-02 07:36:12'),
(434, 7, 1, 1, 2018, 40, 3, 22, 51.00, 24.00, 0.00, NULL, 75.00, 2, 4.00, 0, '2018-06-02 07:36:12', '2018-06-02 07:36:12'),
(435, 7, 1, 1, 2018, 41, 3, 22, 48.00, 21.00, 0.00, NULL, 69.00, 3, 3.50, 0, '2018-06-02 07:36:12', '2018-06-02 07:36:12'),
(436, 7, 2, 1, 2018, 42, 3, 22, 45.00, 20.00, 0.00, NULL, 65.00, 3, 3.50, 0, '2018-06-02 07:38:11', '2018-06-02 07:38:11'),
(437, 7, 2, 1, 2018, 43, 3, 22, 41.00, 15.00, 0.00, NULL, 56.00, 4, 3.00, 0, '2018-06-02 07:38:11', '2018-06-02 07:38:11'),
(438, 7, 2, 1, 2018, 44, 3, 22, 36.00, 15.00, 0.00, NULL, 51.00, 4, 3.00, 0, '2018-06-02 07:38:11', '2018-06-02 07:38:11'),
(439, 7, 1, 1, 2018, 39, 3, 23, 45.00, 15.00, 0.00, NULL, 60.00, 3, 3.50, 0, '2018-06-02 07:40:07', '2018-06-02 07:40:07'),
(440, 7, 1, 1, 2018, 40, 3, 23, 48.00, 20.00, 0.00, NULL, 68.00, 3, 3.50, 0, '2018-06-02 07:40:07', '2018-06-02 07:40:07'),
(441, 7, 1, 1, 2018, 41, 3, 23, 39.00, 19.00, 0.00, NULL, 58.00, 4, 3.00, 0, '2018-06-02 07:40:07', '2018-06-02 07:40:07'),
(442, 7, 2, 1, 2018, 42, 3, 23, 49.00, 19.00, 0.00, NULL, 68.00, 3, 3.50, 0, '2018-06-02 07:41:06', '2018-06-02 07:41:06'),
(443, 7, 2, 1, 2018, 43, 3, 23, 48.00, 15.00, 0.00, NULL, 63.00, 3, 3.50, 0, '2018-06-02 07:41:06', '2018-06-02 07:41:06'),
(444, 7, 2, 1, 2018, 44, 3, 23, 39.00, 19.00, 0.00, NULL, 58.00, 4, 3.00, 0, '2018-06-02 07:41:06', '2018-06-02 07:41:06'),
(445, 7, 1, 1, 2018, 39, 3, 24, 50.00, 20.00, 0.00, NULL, 70.00, 2, 4.00, 0, '2018-06-02 07:44:37', '2018-06-02 07:44:37'),
(446, 7, 1, 1, 2018, 40, 3, 24, 49.00, 21.00, 0.00, NULL, 70.00, 2, 4.00, 0, '2018-06-02 07:44:37', '2018-06-02 07:44:37'),
(447, 7, 1, 1, 2018, 41, 3, 24, 45.00, 22.00, 0.00, NULL, 67.00, 3, 3.50, 0, '2018-06-02 07:44:37', '2018-06-02 07:44:37'),
(448, 7, 2, 1, 2018, 42, 3, 24, 49.00, 21.00, 0.00, NULL, 70.00, 2, 4.00, 0, '2018-06-02 07:51:30', '2018-06-02 07:51:30'),
(449, 7, 2, 1, 2018, 43, 3, 24, 55.00, 25.00, 0.00, NULL, 80.00, 1, 5.00, 0, '2018-06-02 07:51:30', '2018-06-02 07:51:30'),
(450, 7, 2, 1, 2018, 44, 3, 24, 49.00, 15.00, 0.00, NULL, 64.00, 3, 3.50, 0, '2018-06-02 07:51:30', '2018-06-02 07:51:30'),
(451, 8, 1, 1, 2018, 45, 3, 25, 48.00, 22.00, 0.00, NULL, 70.00, 2, 4.00, 0, '2018-06-02 07:52:56', '2018-06-02 07:52:56'),
(452, 8, 1, 1, 2018, 46, 3, 25, 45.00, 22.00, 0.00, NULL, 67.00, 3, 3.50, 0, '2018-06-02 07:52:56', '2018-06-02 07:52:56'),
(453, 8, 1, 1, 2018, 47, 3, 25, 39.00, 24.00, 0.00, NULL, 63.00, 3, 3.50, 0, '2018-06-02 07:52:56', '2018-06-02 07:52:56'),
(454, 8, 2, 1, 2018, 48, 3, 25, 45.00, 15.00, 0.00, NULL, 60.00, 3, 3.50, 0, '2018-06-02 07:53:58', '2018-06-02 07:53:58'),
(455, 8, 2, 1, 2018, 49, 3, 25, 41.00, 15.00, 0.00, NULL, 56.00, 4, 3.00, 0, '2018-06-02 07:53:58', '2018-06-02 07:53:58'),
(456, 8, 2, 1, 2018, 50, 3, 25, 49.00, 18.00, 0.00, NULL, 67.00, 3, 3.50, 0, '2018-06-02 07:53:58', '2018-06-02 07:53:58'),
(457, 8, 1, 1, 2018, 45, 3, 26, 49.00, 21.00, 0.00, NULL, 70.00, 2, 4.00, 0, '2018-06-02 07:54:47', '2018-06-02 07:54:47'),
(458, 8, 1, 1, 2018, 46, 3, 26, 48.00, 15.00, 0.00, NULL, 63.00, 3, 3.50, 0, '2018-06-02 07:54:47', '2018-06-02 07:54:47'),
(459, 8, 1, 1, 2018, 47, 3, 26, 45.00, 19.00, 0.00, NULL, 64.00, 3, 3.50, 0, '2018-06-02 07:54:47', '2018-06-02 07:54:47'),
(460, 8, 2, 1, 2018, 48, 3, 26, 49.00, 19.00, 0.00, NULL, 68.00, 3, 3.50, 0, '2018-06-02 07:55:31', '2018-06-02 07:55:31'),
(461, 8, 2, 1, 2018, 49, 3, 26, 48.00, 15.00, 0.00, NULL, 63.00, 3, 3.50, 0, '2018-06-02 07:55:31', '2018-06-02 07:55:31'),
(462, 8, 2, 1, 2018, 50, 3, 26, 42.00, 16.00, 0.00, NULL, 58.00, 4, 3.00, 0, '2018-06-02 07:55:31', '2018-06-02 07:55:31'),
(463, 8, 1, 1, 2018, 45, 3, 27, 48.00, 21.00, 0.00, NULL, 69.00, 3, 3.50, 0, '2018-06-02 08:12:49', '2018-06-02 08:12:49'),
(464, 8, 1, 1, 2018, 46, 3, 27, 41.00, 18.00, 0.00, NULL, 59.00, 4, 3.00, 0, '2018-06-02 08:12:49', '2018-06-02 08:12:49'),
(465, 8, 1, 1, 2018, 47, 3, 27, 39.00, 19.00, 0.00, NULL, 58.00, 4, 3.00, 0, '2018-06-02 08:12:49', '2018-06-02 08:12:49'),
(466, 8, 2, 1, 2018, 48, 3, 27, 48.00, 22.00, 0.00, NULL, 70.00, 2, 4.00, 0, '2018-06-02 08:13:42', '2018-06-02 08:13:42'),
(467, 8, 2, 1, 2018, 49, 3, 27, 49.00, 21.00, 0.00, NULL, 70.00, 2, 4.00, 0, '2018-06-02 08:13:42', '2018-06-02 08:13:42'),
(468, 8, 2, 1, 2018, 50, 3, 27, 35.00, 19.00, 0.00, NULL, 54.00, 4, 3.00, 0, '2018-06-02 08:13:42', '2018-06-02 08:13:42'),
(469, 9, 1, 1, 2018, 52, 3, 28, 54.00, 26.00, 0.00, NULL, 80.00, 1, 5.00, 0, '2018-06-02 08:17:07', '2018-06-02 08:17:07'),
(470, 9, 1, 1, 2018, 53, 3, 28, 40.00, 16.00, 0.00, NULL, 56.00, 4, 3.00, 0, '2018-06-02 08:17:07', '2018-06-02 08:17:07'),
(471, 9, 1, 1, 2018, 54, 3, 28, 49.00, 21.00, 0.00, NULL, 70.00, 2, 4.00, 0, '2018-06-02 08:17:07', '2018-06-02 08:17:07'),
(472, 9, 1, 1, 2018, 58, 3, 28, 39.00, 22.00, 0.00, NULL, 61.00, 3, 3.50, 0, '2018-06-02 08:17:07', '2018-06-02 08:17:07'),
(473, 9, 1, 1, 2018, 59, 3, 28, 41.00, 18.00, 0.00, NULL, 59.00, 4, 3.00, 0, '2018-06-02 08:17:07', '2018-06-02 08:17:07'),
(474, 9, 1, 1, 2018, 60, 3, 28, 39.00, 21.00, 0.00, NULL, 60.00, 3, 3.50, 0, '2018-06-02 08:17:07', '2018-06-02 08:17:07'),
(475, 9, 1, 1, 2018, 64, 3, 28, 38.00, 16.00, 0.00, NULL, 54.00, 4, 3.00, 0, '2018-06-02 08:17:07', '2018-06-02 08:17:07'),
(476, 9, 1, 1, 2018, 65, 3, 28, 42.00, 19.00, 0.00, NULL, 61.00, 3, 3.50, 0, '2018-06-02 08:17:07', '2018-06-02 08:17:07'),
(477, 9, 1, 1, 2018, 66, 3, 28, 36.00, 20.00, 0.00, NULL, 56.00, 4, 3.00, 0, '2018-06-02 08:17:07', '2018-06-02 08:17:07'),
(478, 9, 2, 1, 2018, 55, 3, 28, 54.00, 26.00, 0.00, NULL, 80.00, 1, 5.00, 0, '2018-06-02 08:19:11', '2018-06-02 08:19:11'),
(479, 9, 2, 1, 2018, 56, 3, 28, 48.00, 19.00, 0.00, NULL, 67.00, 3, 3.50, 0, '2018-06-02 08:19:11', '2018-06-02 08:19:11'),
(480, 9, 2, 1, 2018, 57, 3, 28, 40.00, 20.00, 0.00, NULL, 60.00, 3, 3.50, 0, '2018-06-02 08:19:11', '2018-06-02 08:19:11'),
(481, 9, 2, 1, 2018, 61, 3, 28, 51.00, 25.00, 0.00, NULL, 76.00, 2, 4.00, 0, '2018-06-02 08:19:11', '2018-06-02 08:19:11'),
(482, 9, 2, 1, 2018, 62, 3, 28, 39.00, 18.00, 0.00, NULL, 57.00, 4, 3.00, 0, '2018-06-02 08:19:11', '2018-06-02 08:19:11'),
(483, 9, 2, 1, 2018, 63, 3, 28, 40.00, 20.00, 0.00, NULL, 60.00, 3, 3.50, 0, '2018-06-02 08:19:11', '2018-06-02 08:19:11'),
(484, 9, 2, 1, 2018, 67, 3, 28, 49.00, 21.00, 0.00, NULL, 70.00, 2, 4.00, 0, '2018-06-02 08:19:11', '2018-06-02 08:19:11'),
(485, 9, 2, 1, 2018, 68, 3, 28, 39.00, 19.00, 0.00, NULL, 58.00, 4, 3.00, 0, '2018-06-02 08:19:11', '2018-06-02 08:19:11'),
(486, 9, 2, 1, 2018, 69, 3, 28, 41.00, 19.00, 0.00, NULL, 60.00, 3, 3.50, 0, '2018-06-02 08:19:11', '2018-06-02 08:19:11'),
(487, 9, 1, 1, 2018, 52, 3, 29, 54.00, 26.00, 0.00, NULL, 80.00, 1, 5.00, 0, '2018-06-02 08:27:02', '2018-06-02 08:27:02'),
(488, 9, 1, 1, 2018, 53, 3, 29, 39.00, 19.00, 0.00, NULL, 58.00, 4, 3.00, 0, '2018-06-02 08:27:02', '2018-06-02 08:27:02'),
(489, 9, 1, 1, 2018, 54, 3, 29, 42.00, 18.00, 0.00, NULL, 60.00, 3, 3.50, 0, '2018-06-02 08:27:02', '2018-06-02 08:27:02'),
(490, 9, 1, 1, 2018, 58, 3, 29, 52.00, 22.00, 0.00, NULL, 74.00, 2, 4.00, 0, '2018-06-02 08:27:02', '2018-06-02 08:27:02'),
(491, 9, 1, 1, 2018, 59, 3, 29, 39.00, 21.00, 0.00, NULL, 60.00, 3, 3.50, 0, '2018-06-02 08:27:02', '2018-06-02 08:27:02'),
(492, 9, 1, 1, 2018, 60, 3, 29, 51.00, 14.00, 0.00, NULL, 65.00, 3, 3.50, 0, '2018-06-02 08:27:02', '2018-06-02 08:27:02'),
(493, 9, 1, 1, 2018, 64, 3, 29, 48.00, 21.00, 0.00, NULL, 69.00, 3, 3.50, 0, '2018-06-02 08:27:02', '2018-06-02 08:27:02'),
(494, 9, 1, 1, 2018, 65, 3, 29, 41.00, 19.00, 0.00, NULL, 60.00, 3, 3.50, 0, '2018-06-02 08:27:02', '2018-06-02 08:27:02'),
(495, 9, 1, 1, 2018, 66, 3, 29, 51.00, 10.00, 0.00, NULL, 61.00, 3, 3.50, 0, '2018-06-02 08:27:02', '2018-06-02 08:27:02'),
(496, 9, 2, 1, 2018, 55, 3, 29, 55.00, 25.00, 0.00, NULL, 80.00, 1, 5.00, 0, '2018-06-02 08:29:28', '2018-06-02 08:29:28'),
(497, 9, 2, 1, 2018, 56, 3, 29, 44.00, 18.00, 0.00, NULL, 62.00, 3, 3.50, 0, '2018-06-02 08:29:28', '2018-06-02 08:29:28'),
(498, 9, 2, 1, 2018, 57, 3, 29, 40.00, 20.00, 0.00, NULL, 60.00, 3, 3.50, 0, '2018-06-02 08:29:28', '2018-06-02 08:29:28'),
(499, 9, 2, 1, 2018, 61, 3, 29, 49.00, 20.00, 0.00, NULL, 69.00, 3, 3.50, 0, '2018-06-02 08:29:28', '2018-06-02 08:29:28'),
(500, 9, 2, 1, 2018, 62, 3, 29, 39.00, 21.00, 0.00, NULL, 60.00, 3, 3.50, 0, '2018-06-02 08:29:28', '2018-06-02 08:29:28'),
(501, 9, 2, 1, 2018, 63, 3, 29, 38.00, 22.00, 0.00, NULL, 60.00, 3, 3.50, 0, '2018-06-02 08:29:28', '2018-06-02 08:29:28'),
(502, 9, 2, 1, 2018, 67, 3, 29, 45.00, 19.00, 0.00, NULL, 64.00, 3, 3.50, 0, '2018-06-02 08:29:28', '2018-06-02 08:29:28'),
(503, 9, 2, 1, 2018, 68, 3, 29, 38.00, 19.00, 0.00, NULL, 57.00, 4, 3.00, 0, '2018-06-02 08:29:28', '2018-06-02 08:29:28'),
(504, 9, 2, 1, 2018, 69, 3, 29, 42.00, 21.00, 0.00, NULL, 63.00, 3, 3.50, 0, '2018-06-02 08:29:28', '2018-06-02 08:29:28'),
(505, 9, 1, 1, 2018, 52, 3, 30, 47.00, 23.00, 0.00, NULL, 70.00, 2, 4.00, 0, '2018-06-02 08:31:29', '2018-06-02 08:31:29'),
(506, 9, 1, 1, 2018, 53, 3, 30, 41.00, 20.00, 0.00, NULL, 61.00, 3, 3.50, 0, '2018-06-02 08:31:29', '2018-06-02 08:31:29'),
(507, 9, 1, 1, 2018, 54, 3, 30, 49.00, 19.00, 0.00, NULL, 68.00, 3, 3.50, 0, '2018-06-02 08:31:29', '2018-06-02 08:31:29'),
(508, 9, 1, 1, 2018, 58, 3, 30, 41.00, 22.00, 0.00, NULL, 63.00, 3, 3.50, 0, '2018-06-02 08:31:29', '2018-06-02 08:31:29'),
(509, 9, 1, 1, 2018, 59, 3, 30, 45.00, 19.00, 0.00, NULL, 64.00, 3, 3.50, 0, '2018-06-02 08:31:29', '2018-06-02 08:31:29'),
(510, 9, 1, 1, 2018, 60, 3, 30, 51.00, 19.00, 0.00, NULL, 70.00, 2, 4.00, 0, '2018-06-02 08:31:29', '2018-06-02 08:31:29'),
(511, 9, 1, 1, 2018, 64, 3, 30, 45.00, 20.00, 0.00, NULL, 65.00, 3, 3.50, 0, '2018-06-02 08:31:29', '2018-06-02 08:31:29'),
(512, 9, 1, 1, 2018, 65, 3, 30, 45.00, 16.00, 0.00, NULL, 61.00, 3, 3.50, 0, '2018-06-02 08:31:29', '2018-06-02 08:31:29'),
(513, 9, 1, 1, 2018, 66, 3, 30, 39.00, 21.00, 0.00, NULL, 60.00, 3, 3.50, 0, '2018-06-02 08:31:29', '2018-06-02 08:31:29'),
(514, 9, 2, 1, 2018, 55, 3, 30, 51.00, 19.00, 0.00, NULL, 70.00, 2, 4.00, 0, '2018-06-02 08:38:23', '2018-06-02 08:38:23'),
(515, 9, 2, 1, 2018, 56, 3, 30, 50.00, 16.00, 0.00, NULL, 66.00, 3, 3.50, 0, '2018-06-02 08:38:23', '2018-06-02 08:38:23'),
(516, 9, 2, 1, 2018, 57, 3, 30, 50.00, 20.00, 0.00, NULL, 70.00, 2, 4.00, 0, '2018-06-02 08:38:23', '2018-06-02 08:38:23'),
(517, 9, 2, 1, 2018, 61, 3, 30, 48.00, 20.00, 0.00, NULL, 68.00, 3, 3.50, 0, '2018-06-02 08:38:23', '2018-06-02 08:38:23'),
(518, 9, 2, 1, 2018, 62, 3, 30, 50.00, 16.00, 0.00, NULL, 66.00, 3, 3.50, 0, '2018-06-02 08:38:23', '2018-06-02 08:38:23'),
(519, 9, 2, 1, 2018, 63, 3, 30, 49.00, 16.00, 0.00, NULL, 65.00, 3, 3.50, 0, '2018-06-02 08:38:23', '2018-06-02 08:38:23'),
(520, 9, 2, 1, 2018, 67, 3, 30, 48.00, 18.00, 0.00, NULL, 66.00, 3, 3.50, 0, '2018-06-02 08:38:23', '2018-06-02 08:38:23'),
(521, 9, 2, 1, 2018, 68, 3, 30, 45.00, 18.00, 0.00, NULL, 63.00, 3, 3.50, 0, '2018-06-02 08:38:23', '2018-06-02 08:38:23'),
(522, 9, 2, 1, 2018, 69, 3, 30, 48.00, 15.00, 0.00, NULL, 63.00, 3, 3.50, 0, '2018-06-02 08:38:23', '2018-06-02 08:38:23'),
(523, 9, 1, 1, 2018, 52, 3, 31, 40.00, 15.00, 15.00, NULL, 70.00, 2, 4.00, 0, '2018-06-02 08:40:05', '2018-06-02 08:40:05'),
(524, 9, 1, 1, 2018, 53, 3, 31, 37.00, 15.00, 15.00, NULL, 67.00, 3, 3.50, 0, '2018-06-02 08:40:05', '2018-06-02 08:40:05'),
(525, 9, 1, 1, 2018, 54, 3, 31, 38.00, 14.00, 14.00, NULL, 66.00, 3, 3.50, 0, '2018-06-02 08:40:05', '2018-06-02 08:40:05'),
(526, 9, 2, 1, 2018, 55, 3, 31, 40.00, 15.00, 15.00, NULL, 70.00, 2, 4.00, 0, '2018-06-02 08:42:11', '2018-06-02 08:42:11'),
(527, 9, 2, 1, 2018, 56, 3, 31, 38.00, 14.00, 15.00, NULL, 67.00, 3, 3.50, 0, '2018-06-02 08:42:11', '2018-06-02 08:42:11'),
(528, 9, 2, 1, 2018, 57, 3, 31, 35.00, 14.00, 14.00, NULL, 63.00, 3, 3.50, 0, '2018-06-02 08:42:11', '2018-06-02 08:42:11'),
(529, 9, 1, 1, 2018, 52, 3, 32, 41.00, 14.00, 15.00, NULL, 70.00, 2, 4.00, 0, '2018-06-02 08:43:57', '2018-06-02 08:43:57'),
(530, 9, 1, 1, 2018, 53, 3, 32, 39.00, 15.00, 15.00, NULL, 69.00, 3, 3.50, 0, '2018-06-02 08:43:57', '2018-06-02 08:43:57'),
(531, 9, 1, 1, 2018, 54, 3, 32, 38.00, 15.00, 15.00, NULL, 68.00, 3, 3.50, 0, '2018-06-02 08:43:57', '2018-06-02 08:43:57'),
(532, 9, 2, 1, 2018, 55, 3, 32, 55.00, 14.00, 15.00, NULL, 84.00, 1, 5.00, 0, '2018-06-02 08:45:48', '2018-06-02 08:45:48'),
(533, 9, 2, 1, 2018, 56, 3, 32, 41.00, 14.00, 15.00, NULL, 70.00, 2, 4.00, 0, '2018-06-02 08:45:48', '2018-06-02 08:45:48'),
(534, 9, 2, 1, 2018, 57, 3, 32, 40.00, 14.00, 15.00, NULL, 69.00, 3, 3.50, 0, '2018-06-02 08:45:48', '2018-06-02 08:45:48'),
(535, 9, 1, 1, 2018, 58, 3, 33, 40.00, 15.00, 15.00, NULL, 70.00, 2, 4.00, 0, '2018-06-02 08:47:29', '2018-06-02 08:47:29'),
(536, 9, 1, 1, 2018, 59, 3, 33, 39.00, 14.00, 15.00, NULL, 68.00, 3, 3.50, 0, '2018-06-02 08:47:29', '2018-06-02 08:47:29'),
(537, 9, 1, 1, 2018, 60, 3, 33, 40.00, 14.00, 14.00, NULL, 68.00, 3, 3.50, 0, '2018-06-02 08:47:29', '2018-06-02 08:47:29'),
(538, 9, 2, 1, 2018, 61, 3, 33, 45.00, 14.00, 15.00, NULL, 74.00, 2, 4.00, 0, '2018-06-02 08:48:44', '2018-06-02 08:48:44'),
(539, 9, 2, 1, 2018, 62, 3, 33, 40.00, 15.00, 15.00, NULL, 70.00, 2, 4.00, 0, '2018-06-02 08:48:44', '2018-06-02 08:48:44'),
(540, 9, 2, 1, 2018, 63, 3, 33, 38.00, 15.00, 15.00, NULL, 68.00, 3, 3.50, 0, '2018-06-02 08:48:44', '2018-06-02 08:48:44'),
(541, 9, 1, 1, 2018, 58, 3, 34, 39.00, 14.00, 15.00, NULL, 68.00, 3, 3.50, 0, '2018-06-02 08:50:34', '2018-06-02 08:50:34'),
(542, 9, 1, 1, 2018, 59, 3, 34, 40.00, 15.00, 15.00, NULL, 70.00, 2, 4.00, 0, '2018-06-02 08:50:34', '2018-06-02 08:50:34'),
(543, 9, 1, 1, 2018, 60, 3, 34, 41.00, 12.00, 6.00, NULL, 59.00, 7, 0.00, 0, '2018-06-02 08:50:34', '2018-06-02 08:50:34'),
(544, 9, 2, 1, 2018, 61, 3, 34, 41.00, 14.00, 15.00, NULL, 70.00, 2, 4.00, 0, '2018-06-02 08:51:57', '2018-06-02 08:51:57'),
(545, 9, 2, 1, 2018, 62, 3, 34, 39.00, 14.00, 15.00, NULL, 68.00, 3, 3.50, 0, '2018-06-02 08:51:57', '2018-06-02 08:51:57'),
(546, 9, 2, 1, 2018, 63, 3, 34, 40.00, 15.00, 15.00, NULL, 70.00, 2, 4.00, 0, '2018-06-02 08:51:57', '2018-06-02 08:51:57'),
(547, 9, 1, 1, 2018, 64, 3, 36, 40.00, 15.00, 15.00, NULL, 70.00, 2, 4.00, 0, '2018-06-02 08:53:25', '2018-06-02 08:53:25'),
(548, 9, 1, 1, 2018, 65, 3, 36, 39.00, 14.00, 15.00, NULL, 68.00, 3, 3.50, 0, '2018-06-02 08:53:25', '2018-06-02 08:53:25'),
(549, 9, 1, 1, 2018, 66, 3, 36, 38.00, 15.00, 15.00, NULL, 68.00, 3, 3.50, 0, '2018-06-02 08:53:25', '2018-06-02 08:53:25'),
(550, 9, 2, 1, 2018, 67, 3, 36, 39.00, 15.00, 15.00, NULL, 69.00, 3, 3.50, 0, '2018-06-02 08:54:37', '2018-06-02 08:54:37'),
(551, 9, 2, 1, 2018, 68, 3, 36, 36.00, 15.00, 15.00, NULL, 66.00, 3, 3.50, 0, '2018-06-02 08:54:37', '2018-06-02 08:54:37'),
(552, 9, 2, 1, 2018, 69, 3, 36, 40.00, 15.00, 15.00, NULL, 70.00, 2, 4.00, 0, '2018-06-02 08:54:37', '2018-06-02 08:54:37'),
(553, 9, 1, 1, 2018, 64, 3, 37, 39.00, 14.00, 15.00, NULL, 68.00, 3, 3.50, 0, '2018-06-02 08:56:28', '2018-06-02 08:56:28'),
(554, 9, 1, 1, 2018, 65, 3, 37, 40.00, 11.00, 14.00, NULL, 65.00, 3, 3.50, 0, '2018-06-02 08:56:28', '2018-06-02 08:56:28'),
(555, 9, 1, 1, 2018, 66, 3, 37, 34.00, 14.00, 15.00, NULL, 63.00, 3, 3.50, 0, '2018-06-02 08:56:28', '2018-06-02 08:56:28'),
(556, 9, 2, 1, 2018, 67, 3, 37, 39.00, 14.00, 15.00, NULL, 68.00, 3, 3.50, 0, '2018-06-02 08:57:24', '2018-06-02 08:57:24'),
(557, 9, 2, 1, 2018, 68, 3, 37, 40.00, 15.00, 15.00, NULL, 70.00, 2, 4.00, 0, '2018-06-02 08:57:24', '2018-06-02 08:57:24'),
(558, 9, 2, 1, 2018, 69, 3, 37, 39.00, 15.00, 15.00, NULL, 69.00, 3, 3.50, 0, '2018-06-02 08:57:24', '2018-06-02 08:57:24'),
(559, 10, 1, 1, 2018, 70, 3, 38, 50.00, 15.00, 0.00, NULL, 65.00, 3, 3.50, 0, '2018-06-02 09:21:13', '2018-06-02 09:21:13'),
(560, 10, 1, 1, 2018, 71, 3, 38, 41.00, 20.00, 0.00, NULL, 61.00, 3, 3.50, 0, '2018-06-02 09:21:13', '2018-06-02 09:21:13'),
(561, 10, 1, 1, 2018, 72, 3, 38, 40.00, 20.00, 0.00, NULL, 60.00, 3, 3.50, 0, '2018-06-02 09:21:13', '2018-06-02 09:21:13'),
(562, 10, 1, 1, 2018, 76, 3, 38, 48.00, 19.00, 0.00, NULL, 67.00, 3, 3.50, 0, '2018-06-02 09:21:13', '2018-06-02 09:21:13'),
(563, 10, 1, 1, 2018, 77, 3, 38, 41.00, 20.00, 0.00, NULL, 61.00, 3, 3.50, 0, '2018-06-02 09:21:13', '2018-06-02 09:21:13'),
(564, 10, 1, 1, 2018, 78, 3, 38, 45.00, 22.00, 0.00, NULL, 67.00, 3, 3.50, 0, '2018-06-02 09:21:13', '2018-06-02 09:21:13'),
(565, 10, 1, 1, 2018, 82, 3, 38, 45.00, 20.00, 0.00, NULL, 65.00, 3, 3.50, 0, '2018-06-02 09:21:13', '2018-06-02 09:21:13'),
(566, 10, 1, 1, 2018, 83, 3, 38, 39.00, 21.00, 0.00, NULL, 60.00, 3, 3.50, 0, '2018-06-02 09:21:13', '2018-06-02 09:21:13'),
(567, 10, 1, 1, 2018, 84, 3, 38, 40.00, 22.00, 0.00, NULL, 62.00, 3, 3.50, 0, '2018-06-02 09:21:13', '2018-06-02 09:21:13'),
(568, 10, 2, 1, 2018, 73, 3, 38, 40.00, 20.00, 0.00, NULL, 60.00, 3, 3.50, 0, '2018-06-02 09:36:18', '2018-06-02 09:36:18'),
(569, 10, 2, 1, 2018, 74, 3, 38, 39.00, 19.00, 0.00, NULL, 58.00, 4, 3.00, 0, '2018-06-02 09:36:18', '2018-06-02 09:36:18'),
(570, 10, 2, 1, 2018, 75, 3, 38, 40.00, 20.00, 0.00, NULL, 60.00, 3, 3.50, 0, '2018-06-02 09:36:18', '2018-06-02 09:36:18'),
(571, 10, 2, 1, 2018, 79, 3, 38, 41.00, 22.00, 0.00, NULL, 63.00, 3, 3.50, 0, '2018-06-02 09:36:18', '2018-06-02 09:36:18'),
(572, 10, 2, 1, 2018, 80, 3, 38, 40.00, 15.00, 0.00, NULL, 55.00, 4, 3.00, 0, '2018-06-02 09:36:18', '2018-06-02 09:36:18'),
(573, 10, 2, 1, 2018, 81, 3, 38, 45.00, 21.00, 0.00, NULL, 66.00, 3, 3.50, 0, '2018-06-02 09:36:18', '2018-06-02 09:36:18'),
(574, 10, 2, 1, 2018, 85, 3, 38, 45.00, 25.00, 0.00, NULL, 70.00, 2, 4.00, 0, '2018-06-02 09:36:18', '2018-06-02 09:36:18'),
(575, 10, 2, 1, 2018, 86, 3, 38, 40.00, 16.00, 0.00, NULL, 56.00, 4, 3.00, 0, '2018-06-02 09:36:18', '2018-06-02 09:36:18'),
(576, 10, 2, 1, 2018, 87, 3, 38, 50.00, 25.00, 0.00, NULL, 75.00, 2, 4.00, 0, '2018-06-02 09:36:18', '2018-06-02 09:36:18'),
(577, 10, 1, 1, 2018, 70, 3, 39, 47.00, 24.00, 0.00, NULL, 71.00, 2, 4.00, 0, '2018-06-02 09:44:26', '2018-06-02 09:44:26'),
(578, 10, 1, 1, 2018, 71, 3, 39, 39.00, 26.00, 0.00, NULL, 65.00, 3, 3.50, 0, '2018-06-02 09:44:26', '2018-06-02 09:44:26'),
(579, 10, 1, 1, 2018, 72, 3, 39, 41.00, 20.00, 0.00, NULL, 61.00, 3, 3.50, 0, '2018-06-02 09:44:26', '2018-06-02 09:44:26'),
(580, 10, 1, 1, 2018, 76, 3, 39, 46.00, 21.00, 0.00, NULL, 67.00, 3, 3.50, 0, '2018-06-02 09:44:26', '2018-06-02 09:44:26'),
(581, 10, 1, 1, 2018, 77, 3, 39, 39.00, 22.00, 0.00, NULL, 61.00, 3, 3.50, 0, '2018-06-02 09:44:26', '2018-06-02 09:44:26'),
(582, 10, 1, 1, 2018, 78, 3, 39, 40.00, 15.00, 0.00, NULL, 55.00, 4, 3.00, 0, '2018-06-02 09:44:26', '2018-06-02 09:44:26'),
(583, 10, 1, 1, 2018, 82, 3, 39, 41.00, 19.00, 0.00, NULL, 60.00, 3, 3.50, 0, '2018-06-02 09:44:26', '2018-06-02 09:44:26'),
(584, 10, 1, 1, 2018, 83, 3, 39, 40.00, 19.00, 0.00, NULL, 59.00, 4, 3.00, 0, '2018-06-02 09:44:26', '2018-06-02 09:44:26'),
(585, 10, 1, 1, 2018, 84, 3, 39, 41.00, 19.00, 0.00, NULL, 60.00, 3, 3.50, 0, '2018-06-02 09:44:26', '2018-06-02 09:44:26'),
(586, 10, 2, 1, 2018, 73, 3, 39, 41.00, 16.00, 0.00, NULL, 57.00, 4, 3.00, 0, '2018-06-02 09:47:14', '2018-06-02 09:47:14'),
(587, 10, 2, 1, 2018, 74, 3, 39, 49.00, 22.00, 0.00, NULL, 71.00, 2, 4.00, 0, '2018-06-02 09:47:14', '2018-06-02 09:47:14'),
(588, 10, 2, 1, 2018, 75, 3, 39, 49.00, 22.00, 0.00, NULL, 71.00, 2, 4.00, 0, '2018-06-02 09:47:14', '2018-06-02 09:47:14'),
(589, 10, 2, 1, 2018, 79, 3, 39, 49.00, 20.00, 0.00, NULL, 69.00, 3, 3.50, 0, '2018-06-02 09:47:14', '2018-06-02 09:47:14'),
(590, 10, 2, 1, 2018, 80, 3, 39, 48.00, 20.00, 0.00, NULL, 68.00, 3, 3.50, 0, '2018-06-02 09:47:14', '2018-06-02 09:47:14'),
(591, 10, 2, 1, 2018, 81, 3, 39, 48.00, 20.00, 0.00, NULL, 68.00, 3, 3.50, 0, '2018-06-02 09:47:14', '2018-06-02 09:47:14'),
(592, 10, 2, 1, 2018, 85, 3, 39, 39.00, 19.00, 0.00, NULL, 58.00, 4, 3.00, 0, '2018-06-02 09:47:14', '2018-06-02 09:47:14'),
(593, 10, 2, 1, 2018, 86, 3, 39, 49.00, 19.00, 0.00, NULL, 68.00, 3, 3.50, 0, '2018-06-02 09:47:14', '2018-06-02 09:47:14'),
(594, 10, 2, 1, 2018, 87, 3, 39, 49.00, 21.00, 0.00, NULL, 70.00, 2, 4.00, 0, '2018-06-02 09:47:14', '2018-06-02 09:47:14'),
(595, 10, 1, 1, 2018, 70, 3, 41, 41.00, 11.00, 8.00, NULL, 60.00, 3, 3.50, 0, '2018-06-11 05:16:40', '2018-06-11 05:16:40'),
(596, 10, 1, 1, 2018, 71, 3, 41, 45.00, 12.00, 9.00, NULL, 66.00, 3, 3.50, 0, '2018-06-11 05:16:40', '2018-06-11 05:16:40'),
(597, 10, 1, 1, 2018, 72, 3, 41, 41.00, 11.00, 7.00, NULL, 59.00, 4, 3.00, 0, '2018-06-11 05:16:40', '2018-06-11 05:16:40'),
(598, 10, 2, 1, 2018, 73, 3, 41, 40.00, 14.00, 10.00, NULL, 64.00, 3, 3.50, 0, '2018-06-11 05:18:19', '2018-06-11 05:18:19'),
(599, 10, 2, 1, 2018, 74, 3, 41, 39.00, 11.00, 9.00, NULL, 59.00, 4, 3.00, 0, '2018-06-11 05:18:19', '2018-06-11 05:18:19'),
(600, 10, 2, 1, 2018, 75, 3, 41, 40.00, 12.00, 10.00, NULL, 62.00, 3, 3.50, 0, '2018-06-11 05:18:19', '2018-06-11 05:18:19'),
(601, 10, 1, 1, 2018, 70, 3, 40, 55.00, 24.00, 0.00, NULL, 79.00, 2, 4.00, 0, '2018-06-11 05:21:32', '2018-06-11 05:21:32'),
(602, 10, 1, 1, 2018, 71, 3, 40, 59.00, 22.00, 0.00, NULL, 81.00, 1, 5.00, 0, '2018-06-11 05:21:32', '2018-06-11 05:21:32'),
(603, 10, 1, 1, 2018, 72, 3, 40, 48.00, 19.00, 0.00, NULL, 67.00, 3, 3.50, 0, '2018-06-11 05:21:32', '2018-06-11 05:21:32'),
(604, 10, 1, 1, 2018, 76, 3, 40, 51.00, 22.00, 0.00, NULL, 73.00, 2, 4.00, 0, '2018-06-11 05:21:32', '2018-06-11 05:21:32'),
(605, 10, 1, 1, 2018, 77, 3, 40, 54.00, 21.00, 0.00, NULL, 75.00, 2, 4.00, 0, '2018-06-11 05:21:32', '2018-06-11 05:21:32'),
(606, 10, 1, 1, 2018, 78, 3, 40, 45.00, 18.00, 0.00, NULL, 63.00, 3, 3.50, 0, '2018-06-11 05:21:32', '2018-06-11 05:21:32'),
(607, 10, 1, 1, 2018, 82, 3, 40, 50.00, 20.00, 0.00, NULL, 70.00, 2, 4.00, 0, '2018-06-11 05:21:32', '2018-06-11 05:21:32'),
(608, 10, 1, 1, 2018, 83, 3, 40, 52.00, 20.00, 0.00, NULL, 72.00, 2, 4.00, 0, '2018-06-11 05:21:32', '2018-06-11 05:21:32'),
(609, 10, 1, 1, 2018, 84, 3, 40, 48.00, 15.00, 0.00, NULL, 63.00, 3, 3.50, 0, '2018-06-11 05:21:32', '2018-06-11 05:21:32'),
(610, 10, 2, 1, 2018, 73, 3, 40, 41.00, 22.00, 0.00, NULL, 63.00, 3, 3.50, 0, '2018-06-11 05:23:37', '2018-06-11 05:23:37'),
(611, 10, 2, 1, 2018, 74, 3, 40, 41.00, 20.00, 0.00, NULL, 61.00, 3, 3.50, 0, '2018-06-11 05:23:37', '2018-06-11 05:23:37'),
(612, 10, 2, 1, 2018, 75, 3, 40, 45.00, 22.00, 0.00, NULL, 67.00, 3, 3.50, 0, '2018-06-11 05:23:37', '2018-06-11 05:23:37'),
(613, 10, 2, 1, 2018, 79, 3, 40, 39.00, 21.00, 0.00, NULL, 60.00, 3, 3.50, 0, '2018-06-11 05:23:37', '2018-06-11 05:23:37'),
(614, 10, 2, 1, 2018, 80, 3, 40, 39.00, 20.00, 0.00, NULL, 59.00, 4, 3.00, 0, '2018-06-11 05:23:37', '2018-06-11 05:23:37'),
(615, 10, 2, 1, 2018, 81, 3, 40, 44.00, 21.00, 0.00, NULL, 65.00, 3, 3.50, 0, '2018-06-11 05:23:37', '2018-06-11 05:23:37'),
(616, 10, 2, 1, 2018, 85, 3, 40, 40.00, 19.00, 0.00, NULL, 59.00, 4, 3.00, 0, '2018-06-11 05:23:37', '2018-06-11 05:23:37'),
(617, 10, 2, 1, 2018, 86, 3, 40, 40.00, 20.00, 0.00, NULL, 60.00, 3, 3.50, 0, '2018-06-11 05:23:37', '2018-06-11 05:23:37'),
(618, 10, 2, 1, 2018, 87, 3, 40, 41.00, 22.00, 0.00, NULL, 63.00, 3, 3.50, 0, '2018-06-11 05:23:37', '2018-06-11 05:23:37'),
(619, 10, 1, 1, 2018, 70, 3, 43, 40.00, 11.00, 15.00, NULL, 66.00, 3, 3.50, 0, '2018-06-11 05:25:21', '2018-06-11 05:25:21'),
(620, 10, 1, 1, 2018, 71, 3, 43, 39.00, 12.00, 15.00, NULL, 66.00, 3, 3.50, 0, '2018-06-11 05:25:21', '2018-06-11 05:25:21'),
(621, 10, 1, 1, 2018, 72, 3, 43, 38.00, 12.00, 15.00, NULL, 65.00, 3, 3.50, 0, '2018-06-11 05:25:21', '2018-06-11 05:25:21'),
(622, 10, 2, 1, 2018, 73, 3, 43, 41.00, 11.00, 15.00, NULL, 67.00, 3, 3.50, 0, '2018-06-11 05:31:09', '2018-06-11 05:31:09'),
(623, 10, 2, 1, 2018, 74, 3, 43, 40.00, 15.00, 15.00, NULL, 70.00, 2, 4.00, 0, '2018-06-11 05:31:09', '2018-06-11 05:31:09'),
(624, 10, 2, 1, 2018, 75, 3, 43, 39.00, 14.00, 15.00, NULL, 68.00, 3, 3.50, 0, '2018-06-11 05:31:09', '2018-06-11 05:31:09'),
(625, 10, 1, 1, 2018, 76, 3, 44, 39.00, 15.00, 15.00, NULL, 69.00, 3, 3.50, 0, '2018-06-11 05:33:05', '2018-06-11 05:33:05'),
(626, 10, 1, 1, 2018, 77, 3, 44, 38.00, 15.00, 15.00, NULL, 68.00, 3, 3.50, 0, '2018-06-11 05:33:05', '2018-06-11 05:33:05'),
(627, 10, 1, 1, 2018, 78, 3, 44, 40.00, 16.00, 15.00, NULL, 71.00, 2, 4.00, 0, '2018-06-11 05:33:05', '2018-06-11 05:33:05'),
(628, 10, 2, 1, 2018, 79, 3, 44, 40.00, 12.00, 15.00, NULL, 67.00, 3, 3.50, 0, '2018-06-11 05:36:41', '2018-06-11 05:36:41'),
(629, 10, 2, 1, 2018, 80, 3, 44, 42.00, 15.00, 15.00, NULL, 72.00, 2, 4.00, 0, '2018-06-11 05:36:41', '2018-06-11 05:36:41'),
(630, 10, 2, 1, 2018, 81, 3, 44, 41.00, 14.00, 15.00, NULL, 70.00, 2, 4.00, 0, '2018-06-11 05:36:41', '2018-06-11 05:36:41'),
(631, 10, 1, 1, 2018, 76, 3, 45, 41.00, 15.00, 15.00, NULL, 71.00, 2, 4.00, 0, '2018-06-11 05:41:14', '2018-06-11 05:41:14'),
(632, 10, 1, 1, 2018, 77, 3, 45, 40.00, 14.00, 15.00, NULL, 69.00, 3, 3.50, 0, '2018-06-11 05:41:14', '2018-06-11 05:41:14'),
(633, 10, 1, 1, 2018, 78, 3, 45, 39.00, 11.00, 15.00, NULL, 65.00, 3, 3.50, 0, '2018-06-11 05:41:14', '2018-06-11 05:41:14'),
(634, 10, 2, 1, 2018, 79, 3, 45, 40.00, 12.00, 15.00, NULL, 67.00, 3, 3.50, 0, '2018-06-11 05:45:05', '2018-06-11 05:45:05'),
(635, 10, 2, 1, 2018, 80, 3, 45, 39.00, 11.00, 15.00, NULL, 65.00, 3, 3.50, 0, '2018-06-11 05:45:05', '2018-06-11 05:45:05'),
(636, 10, 2, 1, 2018, 81, 3, 45, 40.00, 15.00, 6.00, NULL, 61.00, 7, 0.00, 0, '2018-06-11 05:45:05', '2018-06-11 05:45:05'),
(637, 10, 1, 1, 2018, 82, 3, 46, 40.00, 11.00, 12.00, NULL, 63.00, 3, 3.50, 0, '2018-06-11 05:53:09', '2018-06-11 05:53:09'),
(638, 10, 1, 1, 2018, 83, 3, 46, 45.00, 15.00, 11.00, NULL, 71.00, 2, 4.00, 0, '2018-06-11 05:53:09', '2018-06-11 05:53:09'),
(639, 10, 1, 1, 2018, 84, 3, 46, 39.00, 11.00, 15.00, NULL, 65.00, 3, 3.50, 0, '2018-06-11 05:53:09', '2018-06-11 05:53:09'),
(640, 10, 2, 1, 2018, 85, 3, 46, 40.00, 15.00, 15.00, NULL, 70.00, 2, 4.00, 0, '2018-06-11 05:58:44', '2018-06-11 05:58:44'),
(641, 10, 2, 1, 2018, 86, 3, 46, 49.00, 16.00, 15.00, NULL, 80.00, 1, 5.00, 0, '2018-06-11 05:58:44', '2018-06-11 05:58:44'),
(642, 10, 2, 1, 2018, 87, 3, 46, 47.00, 11.00, 15.00, NULL, 73.00, 2, 4.00, 0, '2018-06-11 05:58:44', '2018-06-11 05:58:44'),
(643, 10, 1, 1, 2018, 82, 3, 47, 38.00, 14.00, 15.00, NULL, 67.00, 3, 3.50, 0, '2018-06-11 06:01:27', '2018-06-11 06:01:27'),
(644, 10, 1, 1, 2018, 83, 3, 47, 34.00, 15.00, 15.00, NULL, 64.00, 3, 3.50, 0, '2018-06-11 06:01:27', '2018-06-11 06:01:27'),
(645, 10, 1, 1, 2018, 84, 3, 47, 48.00, 15.00, 15.00, NULL, 78.00, 2, 4.00, 0, '2018-06-11 06:01:27', '2018-06-11 06:01:27'),
(646, 10, 2, 1, 2018, 85, 3, 47, 40.00, 15.00, 15.00, NULL, 70.00, 2, 4.00, 0, '2018-06-11 06:02:49', '2018-06-11 06:02:49'),
(647, 10, 2, 1, 2018, 86, 3, 47, 39.00, 15.00, 15.00, NULL, 69.00, 3, 3.50, 0, '2018-06-11 06:02:49', '2018-06-11 06:02:49'),
(648, 10, 2, 1, 2018, 87, 3, 47, 45.00, 14.00, 15.00, NULL, 74.00, 2, 4.00, 0, '2018-06-11 06:02:49', '2018-06-11 06:02:49'),
(649, 2, 2, 1, 2018, 11, 3, 6, 64.00, 0.00, 0.00, NULL, 64.00, 3, 3.50, 0, '2018-06-11 06:34:28', '2018-06-11 06:34:28'),
(650, 2, 2, 1, 2018, 13, 3, 6, 55.00, 0.00, 0.00, NULL, 55.00, 4, 3.00, 0, '2018-06-11 06:34:28', '2018-06-11 06:34:28'),
(651, 2, 2, 1, 2018, 14, 3, 6, 69.00, 0.00, 0.00, NULL, 69.00, 3, 3.50, 0, '2018-06-11 06:34:28', '2018-06-11 06:34:28');

-- --------------------------------------------------------

--
-- Table structure for table `merit_lists`
--

CREATE TABLE `merit_lists` (
  `id` bigint(20) UNSIGNED NOT NULL,
  `session` int(10) UNSIGNED NOT NULL,
  `total_marks` double(8,2) NOT NULL,
  `grade_id` int(10) UNSIGNED NOT NULL,
  `point` double(3,2) NOT NULL,
  `the_class_id` int(10) UNSIGNED NOT NULL,
  `section_id` int(10) UNSIGNED NOT NULL,
  `shift_id` int(10) UNSIGNED NOT NULL,
  `student_id` bigint(20) UNSIGNED NOT NULL,
  `exam_term_id` int(10) UNSIGNED NOT NULL,
  `roll` int(11) DEFAULT NULL,
  `created_at` timestamp NULL DEFAULT NULL,
  `updated_at` timestamp NULL DEFAULT NULL
) ENGINE=InnoDB DEFAULT CHARSET=utf8mb4 COLLATE=utf8mb4_unicode_ci;

--
-- Dumping data for table `merit_lists`
--

INSERT INTO `merit_lists` (`id`, `session`, `total_marks`, `grade_id`, `point`, `the_class_id`, `section_id`, `shift_id`, `student_id`, `exam_term_id`, `roll`, `created_at`, `updated_at`) VALUES
(1, 2018, 168.00, 1, 2.83, 1, 1, 1, 2, 2, NULL, '2018-06-02 05:32:58', '2018-06-11 06:24:38'),
(2, 2018, 183.00, 1, 3.33, 1, 1, 1, 4, 2, NULL, '2018-06-02 05:32:58', '2018-06-11 06:24:38'),
(3, 2018, 210.00, 1, 4.17, 1, 1, 1, 51, 2, NULL, '2018-06-02 05:32:58', '2018-06-11 06:24:38'),
(4, 2018, 235.00, 1, 4.67, 2, 1, 1, 9, 2, NULL, '2018-06-02 05:33:39', '2018-06-02 05:33:39'),
(5, 2018, 214.00, 1, 3.83, 2, 1, 1, 10, 2, NULL, '2018-06-02 05:33:39', '2018-06-02 05:33:39'),
(6, 2018, 225.00, 1, 4.33, 2, 1, 1, 12, 2, NULL, '2018-06-02 05:33:39', '2018-06-02 05:33:39'),
(7, 2018, 350.00, 2, 4.50, 10, 1, 1, 70, 2, NULL, '2018-06-02 05:34:24', '2018-06-12 07:32:50'),
(8, 2018, 289.00, 4, 3.38, 10, 1, 1, 71, 2, NULL, '2018-06-02 05:34:24', '2018-06-12 07:35:50'),
(9, 2018, 319.00, 3, 3.88, 10, 1, 1, 72, 2, NULL, '2018-06-02 05:34:24', '2018-06-12 07:35:50'),
(10, 2018, 318.00, 2, 4.00, 10, 2, 1, 85, 2, NULL, '2018-06-02 05:35:20', '2018-06-12 07:45:09'),
(11, 2018, 240.00, 7, 0.00, 10, 2, 1, 86, 2, NULL, '2018-06-02 05:35:20', '2018-06-02 05:35:20'),
(12, 2018, 309.00, 3, 3.62, 10, 2, 1, 87, 2, NULL, '2018-06-02 05:35:20', '2018-06-12 07:45:09'),
(13, 2018, 402.00, 1, 5.00, 9, 1, 1, 52, 2, NULL, '2018-06-02 05:39:20', '2018-06-02 05:44:54'),
(14, 2018, 320.00, 1, 5.00, 9, 1, 1, 53, 2, NULL, '2018-06-02 05:39:20', '2018-06-02 05:44:54'),
(15, 2018, 357.00, 1, 5.00, 9, 1, 1, 54, 2, NULL, '2018-06-02 05:39:20', '2018-06-02 05:44:54'),
(16, 2018, 333.00, 1, 5.00, 9, 1, 1, 58, 2, NULL, '2018-06-02 05:42:50', '2018-06-02 05:42:50'),
(17, 2018, 327.00, 1, 5.00, 9, 1, 1, 59, 2, NULL, '2018-06-02 05:42:50', '2018-06-02 05:42:50'),
(18, 2018, 327.00, 1, 5.00, 9, 1, 1, 60, 2, NULL, '2018-06-02 05:42:50', '2018-06-02 05:42:50'),
(19, 2018, 316.00, 1, 5.00, 9, 1, 1, 64, 2, NULL, '2018-06-02 05:43:15', '2018-06-02 05:43:15'),
(20, 2018, 315.00, 1, 5.00, 9, 1, 1, 65, 2, NULL, '2018-06-02 05:43:15', '2018-06-02 05:43:15'),
(21, 2018, 299.00, 7, 0.00, 9, 1, 1, 66, 2, NULL, '2018-06-02 05:43:15', '2018-06-02 05:43:15'),
(22, 2018, 346.00, 1, 5.00, 10, 1, 1, 76, 2, NULL, '2018-06-02 05:49:40', '2018-06-02 05:49:40'),
(23, 2018, 324.00, 1, 5.00, 10, 1, 1, 77, 2, NULL, '2018-06-02 05:49:40', '2018-06-02 05:49:40'),
(24, 2018, 322.00, 1, 5.00, 10, 1, 1, 78, 2, NULL, '2018-06-02 05:49:40', '2018-06-02 05:49:40'),
(25, 2018, 326.00, 1, 5.00, 10, 1, 1, 82, 2, NULL, '2018-06-02 05:50:18', '2018-06-02 05:50:18'),
(26, 2018, 319.00, 1, 5.00, 10, 1, 1, 83, 2, NULL, '2018-06-02 05:50:18', '2018-06-02 05:50:18'),
(27, 2018, 321.00, 1, 5.00, 10, 1, 1, 84, 2, NULL, '2018-06-02 05:50:18', '2018-06-02 05:50:18'),
(28, 2018, 210.00, 1, 4.00, 1, 1, 1, 2, 3, NULL, '2018-06-11 06:24:48', '2018-06-11 06:31:12'),
(29, 2018, 180.00, 1, 3.50, 1, 1, 1, 4, 3, NULL, '2018-06-11 06:24:48', '2018-06-11 06:31:12'),
(30, 2018, 240.00, 1, 5.00, 1, 1, 1, 51, 3, NULL, '2018-06-11 06:24:48', '2018-06-11 06:31:12'),
(31, 2018, 240.00, 1, 5.00, 1, 2, 1, 5, 3, NULL, '2018-06-11 06:32:14', '2018-06-11 06:32:14'),
(32, 2018, 210.00, 1, 4.00, 1, 2, 1, 6, 3, NULL, '2018-06-11 06:32:14', '2018-06-11 06:32:14'),
(33, 2018, 180.00, 1, 3.50, 1, 2, 1, 7, 3, NULL, '2018-06-11 06:32:14', '2018-06-11 06:32:14'),
(34, 2018, 204.00, 1, 3.50, 2, 1, 1, 9, 3, NULL, '2018-06-11 06:32:44', '2018-06-11 06:32:44'),
(35, 2018, 165.00, 1, 2.67, 2, 1, 1, 10, 3, NULL, '2018-06-11 06:32:44', '2018-06-11 06:32:44'),
(36, 2018, 126.00, 1, 1.67, 2, 1, 1, 12, 3, NULL, '2018-06-11 06:32:44', '2018-06-11 06:32:44'),
(37, 2018, 210.00, 1, 3.67, 2, 2, 1, 11, 3, NULL, '2018-06-11 06:34:51', '2018-06-11 06:34:51'),
(38, 2018, 171.00, 1, 3.00, 2, 2, 1, 13, 3, NULL, '2018-06-11 06:34:51', '2018-06-11 06:34:51'),
(39, 2018, 165.00, 1, 2.50, 2, 2, 1, 14, 3, NULL, '2018-06-11 06:34:51', '2018-06-11 06:34:51'),
(40, 2018, 197.00, 1, 3.50, 3, 1, 1, 15, 3, NULL, '2018-06-11 06:35:32', '2018-06-11 06:35:32'),
(41, 2018, 173.00, 1, 3.17, 3, 1, 1, 16, 3, NULL, '2018-06-11 06:35:32', '2018-06-11 06:35:32'),
(42, 2018, 150.00, 1, 2.67, 3, 1, 1, 17, 3, NULL, '2018-06-11 06:35:32', '2018-06-11 06:35:32'),
(43, 2018, 200.00, 1, 3.67, 3, 2, 1, 18, 3, NULL, '2018-06-11 06:35:39', '2018-06-11 06:35:39'),
(44, 2018, 197.00, 1, 3.50, 3, 2, 1, 19, 3, NULL, '2018-06-11 06:35:39', '2018-06-11 06:35:39'),
(45, 2018, 148.00, 1, 2.33, 3, 2, 1, 20, 3, NULL, '2018-06-11 06:35:39', '2018-06-11 06:35:39'),
(46, 2018, 203.00, 1, 3.67, 4, 1, 1, 21, 3, NULL, '2018-06-11 06:36:05', '2018-06-11 06:36:05'),
(47, 2018, 200.00, 1, 3.67, 4, 1, 1, 22, 3, NULL, '2018-06-11 06:36:05', '2018-06-11 06:36:05'),
(48, 2018, 170.00, 1, 3.17, 4, 1, 1, 23, 3, NULL, '2018-06-11 06:36:05', '2018-06-11 06:36:05'),
(49, 2018, 216.00, 1, 3.83, 4, 2, 1, 24, 3, NULL, '2018-06-11 06:36:12', '2018-06-11 06:36:12'),
(50, 2018, 188.00, 1, 3.50, 4, 2, 1, 25, 3, NULL, '2018-06-11 06:36:12', '2018-06-11 06:36:12'),
(51, 2018, 160.00, 1, 3.17, 4, 2, 1, 26, 3, NULL, '2018-06-11 06:36:12', '2018-06-11 06:36:12'),
(52, 2018, 238.00, 1, 4.67, 5, 1, 1, 27, 3, NULL, '2018-06-11 06:36:46', '2018-06-11 06:36:46'),
(53, 2018, 215.00, 1, 4.00, 5, 1, 1, 28, 3, NULL, '2018-06-11 06:36:46', '2018-06-11 06:36:46'),
(54, 2018, 165.00, 1, 3.17, 5, 1, 1, 29, 3, NULL, '2018-06-11 06:36:46', '2018-06-11 06:36:46'),
(55, 2018, 214.00, 1, 3.67, 5, 2, 1, 30, 3, NULL, '2018-06-11 06:36:57', '2018-06-11 06:36:57'),
(56, 2018, 175.00, 1, 3.17, 5, 2, 1, 31, 3, NULL, '2018-06-11 06:36:57', '2018-06-11 06:36:57'),
(57, 2018, 163.00, 1, 2.83, 5, 2, 1, 32, 3, NULL, '2018-06-11 06:36:57', '2018-06-11 06:36:57'),
(58, 2018, 218.00, 1, 4.00, 6, 1, 1, 33, 3, NULL, '2018-06-11 06:37:26', '2018-06-11 06:37:26'),
(59, 2018, 206.00, 1, 3.67, 6, 1, 1, 34, 3, NULL, '2018-06-11 06:37:26', '2018-06-11 06:37:26'),
(60, 2018, 199.00, 1, 3.50, 6, 1, 1, 35, 3, NULL, '2018-06-11 06:37:26', '2018-06-11 06:37:26'),
(61, 2018, 195.00, 1, 3.50, 6, 2, 1, 36, 3, NULL, '2018-06-11 06:37:45', '2018-06-11 06:37:45'),
(62, 2018, 206.00, 1, 3.67, 6, 2, 1, 37, 3, NULL, '2018-06-11 06:37:45', '2018-06-11 06:37:45'),
(63, 2018, 171.00, 1, 3.17, 6, 2, 1, 38, 3, NULL, '2018-06-11 06:37:45', '2018-06-11 06:37:45'),
(64, 2018, 208.00, 1, 3.83, 7, 1, 1, 39, 3, NULL, '2018-06-11 06:39:28', '2018-06-11 06:39:28'),
(65, 2018, 213.00, 1, 3.83, 7, 1, 1, 40, 3, NULL, '2018-06-11 06:39:28', '2018-06-11 06:39:28'),
(66, 2018, 194.00, 1, 3.33, 7, 1, 1, 41, 3, NULL, '2018-06-11 06:39:28', '2018-06-11 06:39:28'),
(67, 2018, 203.00, 1, 3.67, 7, 2, 1, 42, 3, NULL, '2018-06-11 06:39:35', '2018-06-11 06:39:35'),
(68, 2018, 199.00, 1, 3.83, 7, 2, 1, 43, 3, NULL, '2018-06-11 06:39:35', '2018-06-11 06:39:35'),
(69, 2018, 173.00, 1, 3.17, 7, 2, 1, 44, 3, NULL, '2018-06-11 06:39:35', '2018-06-11 06:39:35'),
(70, 2018, 209.00, 1, 3.83, 8, 1, 1, 45, 3, NULL, '2018-06-11 06:39:50', '2018-06-11 06:39:50'),
(71, 2018, 189.00, 1, 3.33, 8, 1, 1, 46, 3, NULL, '2018-06-11 06:39:50', '2018-06-11 06:39:50'),
(72, 2018, 185.00, 1, 3.33, 8, 1, 1, 47, 3, NULL, '2018-06-11 06:39:50', '2018-06-11 06:39:50'),
(73, 2018, 198.00, 1, 3.67, 8, 2, 1, 48, 3, NULL, '2018-06-11 06:39:57', '2018-06-11 06:39:57'),
(74, 2018, 189.00, 1, 3.50, 8, 2, 1, 49, 3, NULL, '2018-06-11 06:39:57', '2018-06-11 06:39:57'),
(75, 2018, 179.00, 1, 3.17, 8, 2, 1, 50, 3, NULL, '2018-06-11 06:39:57', '2018-06-11 06:39:57'),
(76, 2018, 370.00, 1, 5.00, 9, 1, 1, 52, 3, NULL, '2018-06-11 06:41:16', '2018-06-11 06:53:23'),
(77, 2018, 311.00, 1, 5.00, 9, 1, 1, 53, 3, NULL, '2018-06-11 06:41:16', '2018-06-11 06:53:23'),
(78, 2018, 332.00, 1, 5.00, 9, 1, 1, 54, 3, NULL, '2018-06-11 06:41:16', '2018-06-11 06:53:23'),
(79, 2018, 384.00, 1, 5.00, 9, 2, 1, 55, 3, NULL, '2018-06-11 06:47:35', '2018-06-11 06:47:35'),
(80, 2018, 332.00, 1, 5.00, 9, 2, 1, 56, 3, NULL, '2018-06-11 06:47:35', '2018-06-11 06:47:35'),
(81, 2018, 322.00, 1, 5.00, 9, 2, 1, 57, 3, NULL, '2018-06-11 06:47:35', '2018-06-11 06:47:35'),
(82, 2018, 336.00, 1, 5.00, 9, 1, 1, 58, 3, NULL, '2018-06-11 06:48:32', '2018-06-11 06:50:47'),
(83, 2018, 321.00, 1, 5.00, 9, 1, 1, 59, 3, NULL, '2018-06-11 06:48:32', '2018-06-11 06:50:47'),
(84, 2018, 322.00, 1, 5.00, 9, 1, 1, 60, 3, NULL, '2018-06-11 06:48:32', '2018-06-12 06:16:20'),
(85, 2018, 326.00, 1, 5.00, 9, 1, 1, 64, 3, NULL, '2018-06-11 07:00:15', '2018-06-11 07:00:15'),
(86, 2018, 315.00, 1, 5.00, 9, 1, 1, 65, 3, NULL, '2018-06-11 07:00:15', '2018-06-11 07:00:15'),
(87, 2018, 308.00, 1, 5.00, 9, 1, 1, 66, 3, NULL, '2018-06-11 07:00:15', '2018-06-11 07:00:15'),
(88, 2018, 341.00, 1, 5.00, 10, 1, 1, 70, 3, NULL, '2018-06-11 07:00:43', '2018-06-11 07:00:43'),
(89, 2018, 339.00, 1, 5.00, 10, 1, 1, 71, 3, NULL, '2018-06-11 07:00:43', '2018-06-11 07:00:43'),
(90, 2018, 312.00, 1, 5.00, 10, 1, 1, 72, 3, NULL, '2018-06-11 07:00:43', '2018-06-11 07:00:43'),
(91, 2018, 311.00, 1, 5.00, 10, 2, 1, 73, 3, NULL, '2018-06-11 07:01:28', '2018-06-11 07:01:28'),
(92, 2018, 319.00, 1, 5.00, 10, 2, 1, 74, 3, NULL, '2018-06-11 07:01:28', '2018-06-11 07:01:28'),
(93, 2018, 328.00, 1, 5.00, 10, 2, 1, 75, 3, NULL, '2018-06-11 07:01:28', '2018-06-11 07:01:28'),
(94, 2018, 347.00, 1, 5.00, 10, 1, 1, 76, 3, NULL, '2018-06-11 07:02:08', '2018-06-11 07:02:08'),
(95, 2018, 334.00, 1, 5.00, 10, 1, 1, 77, 3, NULL, '2018-06-11 07:02:08', '2018-06-11 07:02:08'),
(96, 2018, 321.00, 1, 5.00, 10, 1, 1, 78, 3, NULL, '2018-06-11 07:02:08', '2018-06-11 07:02:08'),
(97, 2018, 325.00, 1, 5.00, 10, 1, 1, 82, 3, NULL, '2018-06-11 07:02:30', '2018-06-11 07:02:30'),
(98, 2018, 326.00, 1, 5.00, 10, 1, 1, 83, 3, NULL, '2018-06-11 07:02:30', '2018-06-11 07:02:30'),
(99, 2018, 328.00, 1, 5.00, 10, 1, 1, 84, 3, NULL, '2018-06-11 07:02:30', '2018-06-11 07:02:30'),
(100, 2018, 341.00, 1, 5.00, 10, 2, 1, 79, 2, NULL, '2018-06-12 07:19:03', '2018-06-12 07:19:03'),
(101, 2018, 301.00, 1, 5.00, 10, 2, 1, 80, 2, NULL, '2018-06-12 07:19:03', '2018-06-12 07:19:03'),
(102, 2018, 295.00, 1, 5.00, 10, 2, 1, 81, 2, NULL, '2018-06-12 07:19:03', '2018-06-12 07:19:03'),
(103, 2018, 326.00, 3, 3.88, 10, 2, 1, 79, 3, NULL, '2018-06-12 07:44:14', '2018-06-12 07:44:14'),
(104, 2018, 319.00, 3, 3.75, 10, 2, 1, 80, 3, NULL, '2018-06-12 07:44:14', '2018-06-12 07:44:14'),
(105, 2018, 330.00, 3, 3.62, 10, 2, 1, 81, 3, NULL, '2018-06-12 07:44:14', '2018-06-12 07:44:14');

-- --------------------------------------------------------

--
-- Table structure for table `migrations`
--

CREATE TABLE `migrations` (
  `id` int(10) UNSIGNED NOT NULL,
  `migration` varchar(191) COLLATE utf8mb4_unicode_ci NOT NULL,
  `batch` int(11) NOT NULL
) ENGINE=InnoDB DEFAULT CHARSET=utf8mb4 COLLATE=utf8mb4_unicode_ci;

--
-- Dumping data for table `migrations`
--

INSERT INTO `migrations` (`id`, `migration`, `batch`) VALUES
(1, '2014_10_12_000000_create_users_table', 1),
(2, '2014_10_12_100000_create_password_resets_table', 1),
(3, '2018_05_03_054642_create_teachers_table', 1),
(4, '2018_05_03_055100_create_students_table', 1),
(5, '2018_05_03_055123_create_religions_table', 1),
(6, '2018_05_03_055146_create_blood_groups_table', 1),
(7, '2018_05_03_055200_create_genders_table', 1),
(8, '2018_05_03_055216_create_shifts_table', 1),
(9, '2018_05_03_055423_create_the_classes_table', 1),
(10, '2018_05_03_055438_create_sections_table', 1),
(11, '2018_05_03_055459_create_marks_table', 1),
(12, '2018_05_03_055518_create_attendances_table', 1),
(13, '2018_05_03_055538_create_merit_lists_table', 1),
(14, '2018_05_03_055623_create_class_assigns_table', 1),
(15, '2018_05_03_055648_create_exam_terms_table', 1),
(16, '2018_05_03_055701_create_subjects_table', 1),
(17, '2018_05_03_055916_create_groups_table', 1),
(18, '2018_05_03_065205_create_roles_table', 1),
(19, '2018_05_03_065217_create_grades_table', 1),
(20, '2018_05_03_071100_create_notices_table', 1),
(21, '2018_05_03_085049_create_preferences_table', 1),
(22, '2018_05_08_065902_create_subject_assigns_table', 1),
(23, '2018_05_08_073240_create_optional_assigns_table', 1),
(24, '2018_05_10_123216_create_send_sms_table', 1),
(25, '2018_05_19_140019_create_sms_histories_table', 1),
(26, '2018_05_21_120713_create_staff_table', 1);

-- --------------------------------------------------------

--
-- Table structure for table `notices`
--

CREATE TABLE `notices` (
  `id` bigint(20) UNSIGNED NOT NULL,
  `user_id` bigint(20) UNSIGNED NOT NULL,
  `title` varchar(191) COLLATE utf8mb4_unicode_ci NOT NULL,
  `message` text COLLATE utf8mb4_unicode_ci NOT NULL,
  `created_at` timestamp NULL DEFAULT NULL,
  `updated_at` timestamp NULL DEFAULT NULL
) ENGINE=InnoDB DEFAULT CHARSET=utf8mb4 COLLATE=utf8mb4_unicode_ci;

-- --------------------------------------------------------

--
-- Table structure for table `optional_assigns`
--

CREATE TABLE `optional_assigns` (
  `id` int(10) UNSIGNED NOT NULL,
  `subject_id` int(10) UNSIGNED NOT NULL,
  `student_id` bigint(20) UNSIGNED NOT NULL,
  `created_at` timestamp NULL DEFAULT NULL,
  `updated_at` timestamp NULL DEFAULT NULL
) ENGINE=InnoDB DEFAULT CHARSET=utf8mb4 COLLATE=utf8mb4_unicode_ci;

--
-- Dumping data for table `optional_assigns`
--

INSERT INTO `optional_assigns` (`id`, `subject_id`, `student_id`, `created_at`, `updated_at`) VALUES
(1, 43, 70, '2018-06-12 06:39:47', '2018-06-12 06:39:47'),
(2, 43, 71, '2018-06-12 06:39:47', '2018-06-12 06:40:32'),
(3, 43, 72, '2018-06-12 06:39:47', '2018-06-12 06:40:32');

-- --------------------------------------------------------

--
-- Table structure for table `password_resets`
--

CREATE TABLE `password_resets` (
  `email` varchar(191) COLLATE utf8mb4_unicode_ci NOT NULL,
  `token` varchar(191) COLLATE utf8mb4_unicode_ci NOT NULL,
  `created_at` timestamp NULL DEFAULT NULL
) ENGINE=InnoDB DEFAULT CHARSET=utf8mb4 COLLATE=utf8mb4_unicode_ci;

-- --------------------------------------------------------

--
-- Table structure for table `preferences`
--

CREATE TABLE `preferences` (
  `id` int(10) UNSIGNED NOT NULL,
  `key` varchar(191) COLLATE utf8mb4_unicode_ci NOT NULL,
  `value` varchar(191) COLLATE utf8mb4_unicode_ci DEFAULT NULL,
  `created_at` timestamp NULL DEFAULT NULL,
  `updated_at` timestamp NULL DEFAULT NULL
) ENGINE=InnoDB DEFAULT CHARSET=utf8mb4 COLLATE=utf8mb4_unicode_ci;

--
-- Dumping data for table `preferences`
--

INSERT INTO `preferences` (`id`, `key`, `value`, `created_at`, `updated_at`) VALUES
(1, 'institute_name', 'Institute Name', NULL, NULL),
(2, 'founded_year', 'Founded Year', NULL, NULL),
(3, 'phone_number_1', '0123456789', NULL, NULL),
(4, 'phone_number_2', '0123456789', NULL, NULL),
(5, 'phone_number_3', '0123456789', NULL, NULL),
(6, 'address', 'Your Address', NULL, NULL),
(7, 'teacher_id_counter', '12', NULL, '2018-05-29 07:51:29'),
(8, 'staff_id_counter', '2', NULL, '2018-05-28 05:54:26'),
(9, 'student_id_counter', '91', NULL, '2018-05-30 09:10:06');

-- --------------------------------------------------------

--
-- Table structure for table `religions`
--

CREATE TABLE `religions` (
  `id` int(10) UNSIGNED NOT NULL,
  `name` varchar(191) COLLATE utf8mb4_unicode_ci NOT NULL,
  `created_at` timestamp NULL DEFAULT NULL,
  `updated_at` timestamp NULL DEFAULT NULL
) ENGINE=InnoDB DEFAULT CHARSET=utf8mb4 COLLATE=utf8mb4_unicode_ci;

--
-- Dumping data for table `religions`
--

INSERT INTO `religions` (`id`, `name`, `created_at`, `updated_at`) VALUES
(1, 'Islam', NULL, NULL),
(2, 'Hinduism', NULL, NULL),
(3, 'Buddhism', NULL, NULL),
(4, 'Christianity', NULL, NULL),
(5, 'Others', NULL, NULL);

-- --------------------------------------------------------

--
-- Table structure for table `roles`
--

CREATE TABLE `roles` (
  `id` int(10) UNSIGNED NOT NULL,
  `name` varchar(191) COLLATE utf8mb4_unicode_ci NOT NULL,
  `created_at` timestamp NULL DEFAULT NULL,
  `updated_at` timestamp NULL DEFAULT NULL
) ENGINE=InnoDB DEFAULT CHARSET=utf8mb4 COLLATE=utf8mb4_unicode_ci;

--
-- Dumping data for table `roles`
--

INSERT INTO `roles` (`id`, `name`, `created_at`, `updated_at`) VALUES
(1, 'Student', NULL, NULL),
(2, 'Teacher', NULL, NULL),
(3, 'Staff', NULL, NULL),
(4, 'Admin', NULL, NULL),
(5, 'KDA IT', NULL, NULL);

-- --------------------------------------------------------

--
-- Table structure for table `sections`
--

CREATE TABLE `sections` (
  `id` int(10) UNSIGNED NOT NULL,
  `name` varchar(191) COLLATE utf8mb4_unicode_ci NOT NULL,
  `created_at` timestamp NULL DEFAULT NULL,
  `updated_at` timestamp NULL DEFAULT NULL
) ENGINE=InnoDB DEFAULT CHARSET=utf8mb4 COLLATE=utf8mb4_unicode_ci;

--
-- Dumping data for table `sections`
--

INSERT INTO `sections` (`id`, `name`, `created_at`, `updated_at`) VALUES
(1, 'A', NULL, NULL),
(2, 'B', NULL, NULL),
(3, 'C', NULL, NULL);

-- --------------------------------------------------------

--
-- Table structure for table `send_sms`
--

CREATE TABLE `send_sms` (
  `id` int(10) UNSIGNED NOT NULL,
  `created_at` timestamp NULL DEFAULT NULL,
  `updated_at` timestamp NULL DEFAULT NULL
) ENGINE=InnoDB DEFAULT CHARSET=utf8mb4 COLLATE=utf8mb4_unicode_ci;

-- --------------------------------------------------------

--
-- Table structure for table `shifts`
--

CREATE TABLE `shifts` (
  `id` int(10) UNSIGNED NOT NULL,
  `name` varchar(191) COLLATE utf8mb4_unicode_ci NOT NULL,
  `created_at` timestamp NULL DEFAULT NULL,
  `updated_at` timestamp NULL DEFAULT NULL
) ENGINE=InnoDB DEFAULT CHARSET=utf8mb4 COLLATE=utf8mb4_unicode_ci;

--
-- Dumping data for table `shifts`
--

INSERT INTO `shifts` (`id`, `name`, `created_at`, `updated_at`) VALUES
(1, 'Morning', NULL, NULL),
(2, 'Day', NULL, NULL);

-- --------------------------------------------------------

--
-- Table structure for table `sms_histories`
--

CREATE TABLE `sms_histories` (
  `id` int(10) UNSIGNED NOT NULL,
  `to` varchar(191) COLLATE utf8mb4_unicode_ci NOT NULL,
  `from` varchar(191) COLLATE utf8mb4_unicode_ci NOT NULL,
  `message` varchar(191) COLLATE utf8mb4_unicode_ci NOT NULL,
  `tag` varchar(191) COLLATE utf8mb4_unicode_ci NOT NULL,
  `created_at` timestamp NULL DEFAULT NULL,
  `updated_at` timestamp NULL DEFAULT NULL
) ENGINE=InnoDB DEFAULT CHARSET=utf8mb4 COLLATE=utf8mb4_unicode_ci;

-- --------------------------------------------------------

--
-- Table structure for table `staff`
--

CREATE TABLE `staff` (
  `id` int(10) UNSIGNED NOT NULL,
  `name` varchar(100) COLLATE utf8mb4_unicode_ci NOT NULL,
  `current_address` varchar(256) COLLATE utf8mb4_unicode_ci NOT NULL,
  `permanent_address` varchar(256) COLLATE utf8mb4_unicode_ci NOT NULL,
  `dob` date NOT NULL,
  `national_id` varchar(100) COLLATE utf8mb4_unicode_ci NOT NULL,
  `marital_status` tinyint(1) NOT NULL,
  `user_id` bigint(20) UNSIGNED NOT NULL,
  `religion_id` int(10) UNSIGNED NOT NULL,
  `blood_group_id` int(10) UNSIGNED NOT NULL,
  `gender_id` int(10) UNSIGNED NOT NULL,
  `nationality` varchar(20) COLLATE utf8mb4_unicode_ci NOT NULL,
  `cell` varchar(20) COLLATE utf8mb4_unicode_ci NOT NULL,
  `photo` varchar(191) COLLATE utf8mb4_unicode_ci DEFAULT NULL,
  `created_at` timestamp NULL DEFAULT NULL,
  `updated_at` timestamp NULL DEFAULT NULL
) ENGINE=InnoDB DEFAULT CHARSET=utf8mb4 COLLATE=utf8mb4_unicode_ci;

--
-- Dumping data for table `staff`
--

INSERT INTO `staff` (`id`, `name`, `current_address`, `permanent_address`, `dob`, `national_id`, `marital_status`, `user_id`, `religion_id`, `blood_group_id`, `gender_id`, `nationality`, `cell`, `photo`, `created_at`, `updated_at`) VALUES
(1, 'Ruhis', 'Chittagong,Bangladesh', 'ch', '2000-05-02', '12468498465', 0, 3, 1, 1, 1, 'Bangladesh', '12345678999', '3.png', '2018-05-28 05:53:05', '2018-05-28 05:53:05'),
(2, 'Mezbah bhai', 'Chittagong,Bangladesh', 'Chittagong,Bangladesh', '1980-02-06', '12468498465', 1, 4, 1, 1, 1, 'Bangladesh', '12345678999', '4.png', '2018-05-28 05:54:26', '2018-05-28 05:54:26');

-- --------------------------------------------------------

--
-- Table structure for table `students`
--

CREATE TABLE `students` (
  `id` bigint(20) UNSIGNED NOT NULL,
  `name` varchar(100) COLLATE utf8mb4_unicode_ci NOT NULL,
  `religion_id` int(10) UNSIGNED NOT NULL,
  `blood_group_id` int(10) UNSIGNED NOT NULL,
  `gender_id` int(10) UNSIGNED NOT NULL,
  `nationality` varchar(20) COLLATE utf8mb4_unicode_ci NOT NULL,
  `dob` date NOT NULL,
  `extra_activity` varchar(256) COLLATE utf8mb4_unicode_ci DEFAULT NULL,
  `photo` varchar(191) COLLATE utf8mb4_unicode_ci DEFAULT NULL,
  `father_name` varchar(191) COLLATE utf8mb4_unicode_ci NOT NULL,
  `mother_name` varchar(191) COLLATE utf8mb4_unicode_ci NOT NULL,
  `local_guardian_name` varchar(191) COLLATE utf8mb4_unicode_ci NOT NULL,
  `father_cell` varchar(11) COLLATE utf8mb4_unicode_ci NOT NULL,
  `mother_cell` varchar(11) COLLATE utf8mb4_unicode_ci NOT NULL,
  `local_guardian_cell` varchar(11) COLLATE utf8mb4_unicode_ci NOT NULL,
  `current_address` varchar(256) COLLATE utf8mb4_unicode_ci NOT NULL,
  `permanent_address` varchar(256) COLLATE utf8mb4_unicode_ci NOT NULL,
  `roll` int(10) UNSIGNED NOT NULL,
  `user_id` bigint(20) UNSIGNED NOT NULL,
  `shift_id` int(10) UNSIGNED NOT NULL,
  `admission_year` year(4) NOT NULL,
  `session` year(4) NOT NULL,
  `the_class_id` int(10) UNSIGNED NOT NULL,
  `section_id` int(10) UNSIGNED NOT NULL,
  `group_id` int(10) UNSIGNED NOT NULL,
  `cell` varchar(11) COLLATE utf8mb4_unicode_ci DEFAULT NULL,
  `is_active` tinyint(1) NOT NULL DEFAULT '1',
  `created_at` timestamp NULL DEFAULT NULL,
  `updated_at` timestamp NULL DEFAULT NULL
) ENGINE=InnoDB DEFAULT CHARSET=utf8mb4 COLLATE=utf8mb4_unicode_ci;

--
-- Dumping data for table `students`
--

INSERT INTO `students` (`id`, `name`, `religion_id`, `blood_group_id`, `gender_id`, `nationality`, `dob`, `extra_activity`, `photo`, `father_name`, `mother_name`, `local_guardian_name`, `father_cell`, `mother_cell`, `local_guardian_cell`, `current_address`, `permanent_address`, `roll`, `user_id`, `shift_id`, `admission_year`, `session`, `the_class_id`, `section_id`, `group_id`, `cell`, `is_active`, `created_at`, `updated_at`) VALUES
(2, 'Bangla bhai', 1, 2, 1, 'Bangladeshi', '2013-01-06', NULL, 'baby.png', 'Md kuddus', 'Sokina Banu', 'Morjina', '01811236458', '01722365478', '01612369754', 'Sivpur,Pahartali', 'Sivpur,Pahartali', 2, 22, 1, 2018, 2018, 1, 1, 1, NULL, 1, '2018-05-29 09:29:48', '2018-05-29 09:29:48'),
(4, 'Tuser Mia', 1, 3, 1, 'Bangladeshi', '2014-01-09', NULL, 'baby.png', 'Md kuddus', 'Sokina Banu', 'Morjina', '01811236458', '01722365478', '01612369754', 'Chittagong,Bangladesh', 'Chittagong,Bangladesh', 4, 24, 1, 2018, 2018, 1, 1, 1, NULL, 1, '2018-05-29 09:34:16', '2018-05-29 09:34:16'),
(5, 'Newton Pal', 2, 8, 1, 'Bangladeshi', '2014-01-18', NULL, 'baby.png', 'kumar Sanu', 'Tikli Sanu', 'Devi', '01811236458', '01722365478', '01612369754', 'Chittagong,Bangladesh', 'Chittagong,Bangladesh', 1, 25, 1, 2018, 2018, 1, 2, 1, NULL, 1, '2018-05-29 09:45:41', '2018-05-29 09:45:41'),
(6, 'Akash pal', 2, 6, 1, 'Bangladeshi', '2014-04-02', NULL, 'baby.png', 'lalbalpal', 'Lily Pal', 'Songita', '01811236458', '01722365478', '01612369754', 'Chittagong,Bangladesh', 'Chittagong,Bangladesh', 2, 26, 1, 2018, 2018, 1, 2, 1, NULL, 1, '2018-05-29 09:48:09', '2018-05-29 09:48:09'),
(7, 'jeny', 5, 5, 2, 'Bangladeshi', '2013-03-01', NULL, 'baby.png', 'jone', 'Jack', 'Jemi', '01811236458', '01722365478', '01612369754', 'Chittagong,Bangladesh', 'Chittagong,Bangladesh', 3, 27, 1, 2018, 2018, 1, 2, 1, NULL, 1, '2018-05-29 09:50:11', '2018-05-29 09:50:11'),
(9, 'Mariya', 3, 7, 2, 'Bangladeshi', '2013-05-28', NULL, 'baby.png', 'Mia Bhai', 'Kulsoma', 'Shati', '01811236458', '01722365478', '01612369754', 'Chittagong,Bangladesh', 'Chittagong,Bangladesh', 1, 29, 1, 2018, 2018, 2, 1, 1, NULL, 1, '2018-05-29 09:56:11', '2018-05-29 09:56:11'),
(10, 'Tanvir', 1, 3, 1, 'Bangladeshi', '2014-04-09', NULL, 'baby.png', 'Md tasir', 'Marufa', 'Ibrahioch', '01811236458', '01722365478', '01612369754', 'Chittagong,Bangladesh', 'Chittagong,Bangladesh', 2, 30, 1, 2018, 2018, 2, 1, 1, NULL, 1, '2018-05-29 09:58:14', '2018-05-29 09:58:14'),
(11, 'Hasan', 1, 6, 1, 'Bangladeshi', '2012-01-02', NULL, 'baby.png', 'Md DulaL', 'Husnaara', 'Tanni', '01811236458', '01722365478', '01612369754', 'Chittagong,Bangladesh', 'Chittagong,Bangladesh', 1, 31, 1, 2018, 2018, 2, 2, 1, NULL, 1, '2018-05-29 10:00:15', '2018-05-29 10:00:15'),
(12, 'Akram Mojumder', 1, 5, 1, 'Bangladeshi', '2012-03-01', NULL, 'baby.png', 'Ilias Mojumder', 'kullu BIBI', 'Asma', '01811236458', '01722365478', '01612369754', 'Chittagong,Bangladesh', 'Chittagong,Bangladesh', 3, 32, 1, 2018, 2018, 2, 1, 1, NULL, 1, '2018-05-29 10:02:46', '2018-05-29 10:02:46'),
(13, 'Shohug', 1, 4, 1, 'Bangladeshi', '2012-05-15', NULL, 'baby.png', 'Afsar', 'Afiya', 'Messi', '01811236458', '01722365478', '01612369754', 'Chittagong,Bangladesh', 'Chittagong,Bangladesh', 2, 33, 1, 2018, 2018, 2, 2, 1, NULL, 1, '2018-05-29 10:04:57', '2018-05-29 10:04:57'),
(14, 'Mejbah', 1, 2, 1, 'Bangladeshi', '2013-01-09', NULL, 'baby.png', 'Md dulal', 'susmita', 'Lipi', '01811236458', '01722365478', '01612369754', 'Chittagong,Bangladesh', 'Chittagong,Bangladesh', 3, 34, 1, 2018, 2018, 2, 2, 1, NULL, 1, '2018-05-29 10:06:40', '2018-05-29 10:06:40'),
(15, 'Sufol Sorkar', 1, 6, 1, 'Bangladeshi', '2012-01-01', NULL, 'baby.png', 'Md tasir', 'Mosumi', 'Misu', '01811236458', '01722365478', '01612369754', 'chittagong,Bangladesh.', 'chittagong,Bangladesh.', 1, 35, 1, 2018, 2018, 3, 1, 1, NULL, 1, '2018-05-30 04:47:20', '2018-05-30 04:47:20'),
(16, 'Misu', 1, 4, 2, 'Bangladeshi', '2012-02-07', NULL, 'baby.png', 'Md Maruf', 'Sokina Banu', 'Messi', '01811236458', '01722365478', '01612369754', 'chittagong,Bangladesh.', 'chittagong,Bangladesh.', 2, 36, 1, 2018, 2018, 3, 1, 1, NULL, 1, '2018-05-30 04:49:29', '2018-05-30 04:49:29'),
(17, 'Rakib Mojumder', 1, 6, 1, 'Bangladeshi', '2012-05-01', NULL, 'baby.png', 'Md Hasan', 'Tithi', 'Dulal', '01811236458', '01722365478', '01612369754', 'chittagong,Bangladesh.', 'chittagong,Bangladesh.', 3, 37, 1, 2018, 2018, 3, 1, 1, NULL, 1, '2018-05-30 04:52:45', '2018-05-30 04:52:45'),
(18, 'Malinga', 2, 7, 1, 'Bangladeshi', '2011-04-07', NULL, 'baby.png', 'Maruf', 'Mimi', 'momo', '01811236458', '01722365478', '01612369754', 'chittagong,Bangladesh.', 'chittagong,Bangladesh.', 1, 38, 1, 2018, 2018, 3, 2, 1, NULL, 1, '2018-05-30 04:55:25', '2018-05-30 04:55:25'),
(19, 'Popy Das', 2, 5, 2, 'Bangladeshi', '2011-05-09', NULL, 'baby.png', 'Siblo Das', 'Rani Devi', 'Rumpa', '01811236458', '01722365478', '01612369754', 'chittagong,Bangladesh.', 'chittagong,Bangladesh.', 2, 39, 1, 2018, 2018, 3, 2, 1, NULL, 1, '2018-05-30 04:57:20', '2018-05-30 04:57:20'),
(20, 'Salma', 1, 5, 2, 'Bangladeshi', '2013-05-06', NULL, 'baby.png', 'Siraj', 'Amena', 'Lucky', '01811236458', '01722365478', '01612369754', 'chittagong,Bangladesh.', 'chittagong,Bangladesh.', 3, 40, 1, 2018, 2018, 3, 2, 1, NULL, 1, '2018-05-30 04:59:24', '2018-05-30 04:59:24'),
(21, 'Luckhi', 1, 6, 2, 'Bangladeshi', '2012-11-05', NULL, 'baby.png', 'Murad', 'Shila', 'Salma', '01811236458', '01722365478', '01612369754', 'chittagong,Bangladesh.', 'chittagong,Bangladesh.', 1, 41, 1, 2018, 2018, 4, 1, 1, NULL, 1, '2018-05-30 05:01:15', '2018-05-30 05:01:15'),
(22, 'Shohel', 1, 5, 1, 'Bangladeshi', '2012-08-01', NULL, 'baby.png', 'Siraj', 'Majuda', 'Korim', '01811236458', '01722365478', '01612369754', 'chittagong,Bangladesh.', 'chittagong,Bangladesh.', 2, 42, 1, 2018, 2018, 4, 1, 1, NULL, 1, '2018-05-30 05:03:31', '2018-05-30 05:03:31'),
(23, 'Rubel', 1, 3, 1, 'Bangladeshi', '2011-05-02', NULL, 'baby.png', 'Korim', 'Ashura', 'Jarin', '01811236458', '01722365478', '01612369754', 'chittagong,Bangladesh.', 'chittagong,Bangladesh.', 3, 43, 1, 2018, 2018, 4, 1, 1, NULL, 1, '2018-05-30 05:05:37', '2018-05-30 05:05:37'),
(24, 'Suborna', 2, 6, 2, 'Bangladeshi', '2011-04-05', NULL, 'baby.png', 'Nitto Das', 'susmita Rani', 'Rimi', '01811236458', '01722365478', '01612369754', 'chittagong,Bangladesh.', 'chittagong,Bangladesh.', 1, 44, 1, 2018, 2018, 4, 2, 1, NULL, 1, '2018-05-30 05:08:38', '2018-05-30 05:08:38'),
(25, 'Rimi Pal', 2, 5, 2, 'Bangladeshi', '2011-05-02', NULL, 'baby.png', 'Nitto Das', 'Shila Rani', 'Soborna', '01811236458', '01722365478', '01612369754', 'chittagong,Bangladesh.', 'chittagong,Bangladesh.', 2, 45, 1, 2018, 2018, 4, 2, 1, NULL, 1, '2018-05-30 05:10:45', '2018-05-30 05:10:45'),
(26, 'Shorif', 1, 2, 1, 'Bangladeshi', '2011-01-08', NULL, 'baby.png', 'Md kolil', 'Begum jaan', 'Maruf', '01811236458', '01722365478', '01612369754', 'chittagong,Bangladesh.', 'chittagong,Bangladesh.', 3, 46, 1, 2018, 2018, 4, 2, 1, NULL, 1, '2018-05-30 05:13:17', '2018-05-30 05:13:17'),
(27, 'Tasir', 1, 3, 1, 'Bangladeshi', '2010-05-18', NULL, 'baby.png', 'Mosasrof', 'Aliya Batt', 'Sabik', '01811236458', '01722365478', '01612369754', 'chittagong,Bangladesh.', 'chittagong,Bangladesh.', 1, 47, 1, 2018, 2018, 5, 1, 1, NULL, 1, '2018-05-30 05:15:09', '2018-05-30 05:15:09'),
(28, 'Toha', 1, 4, 1, 'Bangladeshi', '2012-04-03', NULL, 'baby.png', 'Tapon', 'Rajiya', 'Mim', '01811236458', '01722365478', '01612369754', 'chittagong,Bangladesh.', 'chittagong,Bangladesh.', 2, 48, 1, 2018, 2018, 5, 1, 1, NULL, 1, '2018-05-30 05:16:53', '2018-05-30 05:16:53'),
(29, 'Nabil', 1, 3, 1, 'Bangladeshi', '2009-08-04', NULL, 'baby.png', 'Mosasrof', 'Lijas', 'Tapan', '01811236458', '01722365478', '01612369754', 'chittagong,Bangladesh.', 'chittagong,Bangladesh.', 3, 49, 1, 2018, 2018, 5, 1, 1, NULL, 1, '2018-05-30 05:18:25', '2018-05-30 05:18:25'),
(30, 'Akhi', 1, 4, 2, 'Bangladeshi', '2010-05-10', NULL, 'baby.png', 'Mofij', 'Nahi', 'Muntaha', '01811236458', '01722365478', '01612369754', 'chittagong,Bangladesh.', 'chittagong,Bangladesh.', 1, 50, 1, 2018, 2018, 5, 2, 1, NULL, 1, '2018-05-30 05:42:43', '2018-05-30 05:42:43'),
(31, 'Sojib', 1, 4, 1, 'Bangladeshi', '2011-01-04', NULL, 'baby.png', 'MD ovi', 'Rita', 'Niro', '01811236458', '01722365478', '01612369754', 'chittagong,Bangladesh.', 'chittagong,Bangladesh.', 2, 51, 1, 2018, 2018, 5, 2, 1, NULL, 1, '2018-05-30 05:48:38', '2018-05-30 05:48:38'),
(32, 'Ovi', 1, 5, 1, 'Bangladeshi', '2010-11-09', NULL, 'baby.png', 'Mostafa', 'Nur Banu', 'Afiya', '01811236458', '01722365478', '01612369754', 'chittagong,Bangladesh.', 'chittagong,Bangladesh.', 3, 52, 1, 2018, 2018, 5, 2, 1, NULL, 1, '2018-05-30 05:52:34', '2018-05-30 05:52:34'),
(33, 'Taniya', 1, 3, 2, 'Bangladeshi', '2009-10-15', NULL, 'baby.png', 'Md Nurul', 'Gul Nahar', 'Mir ali', '01811236458', '01722365478', '01612369754', 'chittagong,Bangladesh.', 'chittagong,Bangladesh.', 1, 53, 1, 2018, 2018, 6, 1, 1, NULL, 1, '2018-05-30 05:57:53', '2018-05-30 05:57:53'),
(34, 'Tonni', 1, 4, 2, 'Bangladeshi', '2009-12-07', NULL, 'baby.png', 'Md Ali', 'Laili', 'Tammi', '01811236458', '01722365478', '01612369754', 'chittagong,Bangladesh.', 'chittagong,Bangladesh.', 2, 54, 1, 2018, 2018, 6, 1, 1, NULL, 1, '2018-05-30 05:59:22', '2018-05-30 05:59:22'),
(35, 'Mehidi', 1, 6, 1, 'Bangladeshi', '2010-07-07', NULL, 'baby.png', 'Md Selim', 'Nurjahan', 'Opurbo', '01811236458', '01722365478', '01612369754', 'chittagong,Bangladesh.', 'chittagong,Bangladesh.', 3, 55, 1, 2018, 2018, 6, 1, 1, NULL, 1, '2018-05-30 06:01:31', '2018-05-30 06:01:31'),
(36, 'Asraful', 1, 4, 1, 'Bangladeshi', '2011-04-08', NULL, 'baby.png', 'Md korim', 'Ashura', 'Jemi', '01811236458', '01722365478', '01612369754', 'chittagong,Bangladesh.', 'chittagong,Bangladesh.', 1, 56, 1, 2018, 2018, 6, 2, 1, NULL, 1, '2018-05-30 06:03:49', '2018-05-30 06:03:49'),
(37, 'Tammi', 1, 3, 2, 'Bangladeshi', '2010-05-10', NULL, 'baby.png', 'Md Ali', 'Hosneara', 'Tusli', '01811236458', '01722365478', '01612369754', 'chittagong,Bangladesh.', 'chittagong,Bangladesh.', 2, 57, 1, 2018, 2018, 6, 2, 1, NULL, 1, '2018-05-30 06:05:44', '2018-05-30 06:05:44'),
(38, 'Parvin', 1, 5, 2, 'Bangladeshi', '2008-11-05', NULL, 'baby.png', 'Mojjamel hoque', 'Afiya', 'Asma', '01811236458', '01722365478', '01612369754', 'chittagong,Bangladesh.', 'chittagong,Bangladesh.', 3, 58, 1, 2018, 2018, 6, 2, 1, NULL, 1, '2018-05-30 06:07:21', '2018-05-30 06:07:21'),
(39, 'Riya', 1, 5, 2, 'Bangladeshi', '2009-04-09', NULL, 'baby.png', 'Md Abdus', 'Rokeya', 'Mir hossen', '01811236458', '01722365478', '01612369754', 'chittagong,Bangladesh.', 'chittagong,Bangladesh.', 1, 59, 1, 2018, 2018, 7, 1, 1, NULL, 1, '2018-05-30 06:11:30', '2018-05-30 06:11:30'),
(40, 'Bithi', 1, 4, 2, 'Bangladeshi', '2000-01-11', NULL, 'baby.png', 'Selim', 'Nazma', 'Koli', '01811236458', '01722365478', '01612369754', 'chittagong,Bangladesh.', 'chittagong,Bangladesh.', 2, 60, 1, 2018, 2018, 7, 1, 1, NULL, 1, '2018-05-30 06:13:38', '2018-05-30 06:13:38'),
(41, 'Fahim', 1, 5, 1, 'Bangladeshi', '1996-05-09', NULL, 'baby.png', 'Md Rohim', 'Najiya', 'pitilota', '01811236458', '01722365478', '01612369754', 'chittagong,Bangladesh.', 'chittagong,Bangladesh.', 3, 61, 1, 2018, 2018, 7, 1, 1, NULL, 1, '2018-05-30 06:16:13', '2018-05-30 06:16:13'),
(42, 'Mim', 1, 4, 2, 'Bangladeshi', '2001-05-11', NULL, 'baby.png', 'Tapon', 'Lija', 'Mia', '01811236458', '01722365478', '01612369754', 'chittagong,Bangladesh.', 'chittagong,Bangladesh.', 1, 62, 1, 2018, 2018, 7, 2, 1, NULL, 1, '2018-05-30 06:19:46', '2018-05-30 06:19:46'),
(43, 'Rahamat', 1, 2, 1, 'Bangladeshi', '2002-07-02', NULL, 'baby.png', 'Md Habib', 'Habiba', 'ullah', '01811236458', '01722365478', '01612369754', 'chittagong,Bangladesh.', 'chittagong,Bangladesh.', 2, 63, 1, 2018, 2018, 7, 2, 1, NULL, 1, '2018-05-30 06:21:42', '2018-05-30 06:21:42'),
(44, 'Kalid', 1, 3, 1, 'Bangladeshi', '1999-08-12', NULL, 'baby.png', 'Md Saifullah', 'Nur Banu', 'popy', '01811236458', '01722365478', '01612369754', 'chittagong,Bangladesh.', 'chittagong,Bangladesh.', 3, 64, 1, 2018, 2018, 7, 2, 1, NULL, 1, '2018-05-30 06:23:37', '2018-05-30 06:23:37'),
(45, 'Afrin', 1, 2, 2, 'Bangladeshi', '2000-12-11', NULL, 'baby.png', 'Md josim', 'Humaiyara', 'tiya', '01811236458', '01722365478', '01612369754', 'chittagong,Bangladesh.', 'chittagong,Bangladesh.', 1, 65, 1, 2018, 2018, 8, 1, 1, NULL, 1, '2018-05-30 06:26:12', '2018-05-30 06:26:12'),
(46, 'Sabik', 1, 2, 1, 'Bangladeshi', '1997-07-09', NULL, 'baby.png', 'Mia Bhai', 'Rokeya', 'Tapan', '01811236458', '01722365478', '01612369754', 'chittagong,Bangladesh.', 'chittagong,Bangladesh.', 2, 66, 1, 2018, 2018, 8, 1, 1, NULL, 1, '2018-05-30 06:27:40', '2018-05-30 06:27:40'),
(47, 'Rumi', 1, 3, 2, 'Bangladeshi', '1995-01-01', NULL, 'baby.png', 'Mir hossen', 'Rokeya', 'Himi', '01811236458', '01722365478', '01612369754', 'chittagong,Bangladesh.', 'chittagong,Bangladesh.', 3, 67, 1, 2018, 2018, 8, 1, 1, NULL, 1, '2018-05-30 06:29:24', '2018-05-30 06:29:24'),
(48, 'Shafi', 1, 2, 1, 'Bangladeshi', '1998-04-29', NULL, 'baby.png', 'Md Shohug', 'Momota', 'mim', '01811236458', '01722365478', '01612369754', 'chittagong,Bangladesh.', 'chittagong,Bangladesh.', 1, 68, 1, 2018, 2018, 8, 2, 1, NULL, 1, '2018-05-30 06:31:17', '2018-05-30 06:31:17'),
(49, 'Himi', 1, 3, 2, 'Bangladeshi', '2015-05-02', NULL, 'baby.png', 'Md Ali', 'Rita', 'Rimi', '01811236458', '01722365478', '01612369754', 'chittagong,Bangladesh.', 'chittagong,Bangladesh.', 2, 69, 1, 2018, 2018, 8, 2, 1, NULL, 1, '2018-05-30 06:33:15', '2018-05-30 06:33:15'),
(50, 'Tina', 1, 5, 2, 'Bangladeshi', '1995-05-16', NULL, 'baby.png', 'Md Habib', 'Rohima', 'Helal', '01811236458', '01722365478', '01612369754', 'chittagong,Bangladesh.', 'chittagong,Bangladesh.', 3, 70, 1, 2018, 2018, 8, 2, 1, NULL, 1, '2018-05-30 06:35:09', '2018-05-30 06:35:09'),
(51, 'Kamrul', 1, 1, 1, 'Bangladeshi', '2004-05-10', 'sdfdsf', 'baby.png', 'Md mir kashem', 'Rehana', 'Ruhis', '01811236458', '01722365478', '01612369754', 'chittagong,Bangladesh.', 'chittagong,Bangladesh.', 1, 71, 1, 2018, 2018, 1, 1, 1, NULL, 1, '2018-05-30 06:37:30', '2018-05-30 06:40:48'),
(52, 'Aris', 1, 4, 1, 'Bangladeshi', '2004-02-09', NULL, 'baby.png', 'Kashem', 'Rahana', 'Mina', '01811236458', '01722365478', '01612369754', 'chittagong,Bangladesh.', 'chittagong,Bangladesh.', 1, 72, 1, 2018, 2018, 9, 1, 2, NULL, 1, '2018-05-30 06:39:22', '2018-05-30 06:39:22'),
(53, 'mituya', 1, 5, 2, 'Bangladeshi', '2008-12-28', NULL, 'baby.png', 'Md Maruf', 'Kusum', 'Kulsum', '01811236458', '01722365478', '01612369754', 'chittagong,Bangladesh.', 'chittagong,Bangladesh.', 2, 73, 1, 2018, 2018, 9, 1, 2, NULL, 1, '2018-05-30 06:46:42', '2018-05-30 06:46:42'),
(54, 'Kamrul', 1, 3, 1, 'Bangladeshi', '2004-04-08', NULL, 'baby.png', 'Kashem', 'Rahana', 'Mina', '01811236458', '01722365478', '01612369754', 'chittagong,Bangladesh.', 'chittagong,Bangladesh.', 3, 74, 1, 2018, 2018, 9, 1, 2, NULL, 1, '2018-05-30 06:48:56', '2018-05-30 06:48:56'),
(55, 'Kauser', 1, 1, 1, 'Bangladeshi', '1996-04-28', NULL, 'baby.png', 'Md mir kashem', 'Rehana', 'Mina', '01811236458', '01722365478', '01612369754', 'chittagong,Bangladesh.', 'chittagong,Bangladesh.', 1, 75, 1, 2018, 2018, 9, 2, 2, NULL, 1, '2018-05-30 06:52:01', '2018-05-30 06:52:01'),
(56, 'Robin', 1, 4, 1, 'Bangladeshi', '1995-09-20', NULL, 'baby.png', 'Md kamal', 'Jiyara', 'Helal', '01811236458', '01722365478', '01612369754', 'chittagong,Bangladesh.', 'chittagong,Bangladesh.', 2, 76, 1, 2018, 2018, 9, 2, 2, NULL, 1, '2018-05-30 06:53:52', '2018-05-30 06:53:52'),
(57, 'Helal', 1, 3, 1, 'Bangladeshi', '1995-08-17', NULL, 'baby.png', 'Md kuddus', 'Rajiya', 'Farida', '01811236458', '01722365478', '01612369754', 'chittagong,Bangladesh.', 'chittagong,Bangladesh.', 3, 77, 1, 2018, 2018, 9, 2, 2, NULL, 1, '2018-05-30 06:55:37', '2018-05-30 06:55:37'),
(58, 'Pritu', 1, 1, 2, 'Bangladeshi', '1996-07-11', NULL, 'baby.png', 'Md Liton', 'Bilkis', 'Osin', '01811236458', '01722365478', '01612369754', 'chittagong,Bangladesh.', 'chittagong,Bangladesh.', 1, 78, 1, 2018, 2018, 9, 1, 3, NULL, 1, '2018-05-30 06:57:53', '2018-05-30 06:57:53'),
(59, 'Osin', 1, 5, 1, 'Bangladeshi', '1994-07-06', NULL, 'baby.png', 'Md Liton', 'Rijiya', 'Onik', '01811236458', '01722365478', '01612369754', 'chittagong,Bangladesh.', 'chittagong,Bangladesh.', 2, 79, 1, 2018, 2018, 9, 1, 3, NULL, 1, '2018-05-30 06:59:39', '2018-05-30 06:59:39'),
(60, 'Onik', 1, 1, 1, 'Bangladeshi', '2005-04-20', NULL, 'baby.png', 'Nur Nobi', 'Lima', 'Pritu', '01811236458', '01722365478', '01612369754', 'chittagong,Bangladesh.', 'chittagong,Bangladesh.', 3, 80, 1, 2018, 2018, 9, 1, 3, NULL, 1, '2018-05-30 07:01:56', '2018-05-30 07:01:56'),
(61, 'Roni', 1, 3, 1, 'Bangladeshi', '1997-02-26', NULL, 'baby.png', 'Md Amin', 'Rohima', 'Isti', '01811236458', '01722365478', '01612369754', 'chittagong,Bangladesh.', 'chittagong,Bangladesh.', 1, 81, 1, 2018, 2018, 9, 2, 3, NULL, 1, '2018-05-30 07:03:56', '2018-05-30 07:03:56'),
(62, 'Tutol', 1, 1, 1, 'Bangladeshi', '1993-02-10', NULL, 'baby.png', 'Md Rohim', 'Nilufa', 'Hossen', '01811236458', '01722365478', '01612369754', 'chittagong,Bangladesh.', 'chittagong,Bangladesh.', 2, 82, 1, 2018, 2018, 9, 2, 3, NULL, 1, '2018-05-30 07:05:54', '2018-05-30 07:05:54'),
(63, 'Tusmi', 1, 1, 2, 'Bangladeshi', '2001-10-30', NULL, 'baby.png', 'Md Ali', 'susmita', 'Ayrin', '01811236458', '01722365478', '01612369754', 'chittagong,Bangladesh.', 'chittagong,Bangladesh.7', 3, 83, 1, 2018, 2018, 9, 2, 3, NULL, 1, '2018-05-30 07:07:55', '2018-05-30 07:07:55'),
(64, 'Toha Moni', 1, 1, 2, 'Bangladeshi', '1996-04-10', NULL, 'baby.png', 'Tapon', 'Anika', 'Sipon', '01811236458', '01722365478', '01612369754', 'chittagong,Bangladesh.', 'chittagong,Bangladesh.', 1, 84, 1, 2018, 2018, 9, 1, 4, NULL, 1, '2018-05-30 07:12:05', '2018-05-30 07:12:05'),
(65, 'Laboni', 1, 5, 2, 'Bangladeshi', '2005-05-10', NULL, 'baby.png', 'Md kala mia', 'Feroja', 'Akhash', '01811236458', '01722365478', '01612369754', 'chittagong,Bangladesh.', 'chittagong,Bangladesh.', 2, 85, 1, 2018, 2018, 9, 1, 4, NULL, 1, '2018-05-30 07:14:28', '2018-05-30 07:14:28'),
(66, 'Sabrina', 1, 6, 2, 'Bangladeshi', '1994-11-09', NULL, 'baby.png', 'Md korim', 'Farjana', 'Mithon', '01811236458', '01722365478', '01612369754', 'chittagong,Bangladesh.', 'chittagong,Bangladesh.', 3, 86, 1, 2018, 2018, 9, 1, 4, NULL, 1, '2018-05-30 07:16:49', '2018-05-30 07:16:49'),
(67, 'kajal', 1, 6, 2, 'Bangladeshi', '1995-05-08', NULL, 'baby.png', 'Md jane alam', 'Bibi Amena', 'Aris', '01811236458', '01722365478', '01612369754', 'chittagong,Bangladesh.', 'chittagong,Bangladesh.', 1, 87, 1, 2018, 2018, 9, 2, 4, NULL, 1, '2018-05-30 07:30:39', '2018-05-30 07:30:39'),
(68, 'Mohammad Jahid', 1, 3, 1, 'Bangladeshi', '1997-04-02', NULL, 'baby.png', 'Md Jilani', 'Rosunara', 'Ifti', '01811236458', '01722365478', '01612369754', 'chittagong,Bangladesh.', 'chittagong,Bangladesh.', 2, 88, 1, 2018, 2018, 9, 2, 4, NULL, 1, '2018-05-30 07:36:03', '2018-05-30 07:36:03'),
(69, 'Sammi', 1, 3, 1, 'Bangladeshi', '1998-05-06', NULL, 'baby.png', 'Md Jafar', 'Kismis', 'Atol', '01811236458', '01722365478', '01612369754', 'chittagong,Bangladesh.', 'chittagong,Bangladesh.', 3, 89, 1, 2018, 2018, 9, 2, 4, NULL, 1, '2018-05-30 07:39:15', '2018-05-30 07:39:15'),
(70, 'Soma', 1, 3, 2, 'Bangladeshi', '1998-05-05', NULL, 'baby.png', 'Md Liton', 'Kakli', 'Devnath', '01811236458', '01722365478', '01612369754', 'chittagong,Bangladesh.', 'chittagong,Bangladesh.', 1, 90, 1, 2018, 2018, 10, 1, 2, NULL, 1, '2018-05-30 07:49:27', '2018-05-30 07:49:27'),
(71, 'Yakub Sikder', 1, 3, 1, 'Bangladeshi', '1998-04-15', NULL, 'baby.png', 'Mukul Sikder', 'Sikder', 'Lal Sikder', '01811236458', '01722365478', '01612369754', 'chittagong,Bangladesh.', 'chittagong,Bangladesh.', 2, 91, 1, 2018, 2018, 10, 1, 2, NULL, 1, '2018-05-30 07:53:27', '2018-05-30 07:53:27'),
(72, 'Ahmid Dulal', 1, 1, 1, 'Bangladeshi', '2011-05-02', NULL, 'baby.png', 'MD kovir', 'Afiya', 'Rosol', '01811236458', '01722365478', '01612369754', 'chittagong,Bangladesh.', 'chittagong,Bangladesh.', 3, 92, 1, 2018, 2018, 10, 1, 2, NULL, 1, '2018-05-30 07:55:39', '2018-05-30 07:55:39'),
(73, 'Abu Sufiyan', 1, 6, 1, 'Bangladeshi', '1995-01-01', NULL, 'baby.png', 'Md bokkor', 'Sufiya', 'Sumu', '01811236458', '01722365478', '01612369754', 'chittagong,Bangladesh.', 'chittagong,Bangladesh.', 1, 93, 1, 2018, 2018, 10, 2, 2, NULL, 1, '2018-05-30 07:58:14', '2018-05-30 07:58:14'),
(74, 'Nazrul Islam', 1, 6, 1, 'Bangladeshi', '1997-04-28', NULL, 'baby.png', 'Md Chowdury', 'Rajiya', 'Sumaiya', '01811236458', '01722365478', '01612369754', 'chittagong,Bangladesh.', 'chittagong,Bangladesh.', 2, 94, 1, 2018, 2018, 10, 2, 2, NULL, 1, '2018-05-30 08:00:14', '2018-05-30 08:00:14'),
(75, 'md Alamgir', 1, 3, 1, 'Bangladeshi', '2000-05-09', NULL, 'baby.png', 'Md Jalal', 'jalalia', 'Runa', '01811236458', '01722365478', '01612369754', 'chittagong,Bangladesh.', 'chittagong,Bangladesh.', 3, 95, 1, 2018, 2018, 10, 2, 2, NULL, 1, '2018-05-30 08:02:56', '2018-05-30 08:02:56'),
(76, 'Md latifur', 1, 3, 1, 'Bangladeshi', '2001-05-02', NULL, 'baby.png', 'Md Rahman', 'Rohima', 'Kuddus', '01811236458', '01722365478', '01612369754', 'chittagong,Bangladesh.', 'chittagong,Bangladesh.', 1, 96, 1, 2018, 2018, 10, 1, 3, NULL, 1, '2018-05-30 08:23:47', '2018-05-30 08:23:47'),
(77, 'Md Monir', 1, 1, 1, 'Bangladeshi', '1994-05-04', NULL, 'baby.png', 'Md Zaman', 'Zamila', 'Sumi', '01811236458', '01722365478', '01612369754', 'chittagong,Bangladesh.', 'chittagong,Bangladesh.', 2, 97, 1, 2018, 2018, 10, 1, 3, NULL, 1, '2018-05-30 08:26:19', '2018-05-30 08:26:19'),
(78, 'Al Amin', 1, 7, 1, 'Bangladeshi', '1995-06-06', NULL, 'baby.png', 'Md Amin', 'Amina', 'Sokina', '01811236458', '01722365478', '01612369754', 'chittagong,Bangladesh.', 'chittagong,Bangladesh.', 3, 98, 1, 2018, 2018, 10, 1, 3, NULL, 1, '2018-05-30 08:28:56', '2018-05-30 08:28:56'),
(79, 'Nur uddin', 1, 7, 1, 'Bangladeshi', '2011-05-02', NULL, 'baby.png', 'Md Uddin', 'Sima', 'Rupa', '01811236455', '01712364789', '01646575945', 'chittagong,Bangladesh.', 'chittagong,Bangladesh.', 1, 99, 1, 2018, 2018, 10, 2, 3, NULL, 1, '2018-05-30 08:38:26', '2018-05-30 08:38:26'),
(80, 'Hridoy', 1, 8, 1, 'Bangladeshi', '1998-04-07', NULL, 'baby.png', 'Md Kalam', 'Kulsuma', 'Jumbalika', '01812365478', '01712369857', '01632569874', 'chittagong,Bangladesh.', 'chittagong,Bangladesh.', 2, 100, 1, 2018, 2018, 10, 2, 3, NULL, 1, '2018-05-30 08:42:02', '2018-05-30 08:42:02'),
(81, 'Imran khan', 1, 7, 1, 'Bangladeshi', '1995-07-11', NULL, 'baby.png', 'Md Khan', 'Baki Khan', 'khan', '01841234567', '01712378945', '01632147895', 'chittagong,Bangladesh.', 'chittagong,Bangladesh.', 3, 101, 1, 2018, 2018, 10, 2, 3, NULL, 1, '2018-05-30 08:54:54', '2018-05-30 08:54:54'),
(82, 'Altap', 1, 6, 1, 'Bangladeshi', '1996-02-06', NULL, 'baby.png', 'Md Avtaf', 'Avien', 'lucy', '01811236458', '01712364789', '01632147895', 'chittagong,Bangladesh.', 'chittagong,Bangladesh.', 1, 102, 1, 2018, 2018, 10, 1, 4, NULL, 1, '2018-05-30 08:57:50', '2018-05-30 08:57:50'),
(83, 'Topa', 1, 7, 2, 'Bangladeshi', '1996-07-10', NULL, 'baby.png', 'Md Milon', 'Tupu', 'Tapoi', '01811236455', '01712364789', '01632569874', 'chittagong,Bangladesh.', 'chittagong,Bangladesh.', 2, 103, 1, 2018, 2018, 10, 1, 4, NULL, 1, '2018-05-30 09:00:19', '2018-05-30 09:00:19'),
(84, 'Asraf Ali', 1, 3, 1, 'Bangladeshi', '1996-01-09', NULL, 'baby.png', 'Md Ali', 'Habiba', 'Helali', '01811236458', '01712364789', '01612369754', 'chittagong,Bangladesh.', 'chittagong,Bangladesh.', 3, 104, 1, 2018, 2018, 10, 1, 4, NULL, 1, '2018-05-30 09:02:45', '2018-05-30 09:02:45'),
(85, 'Md Babul', 1, 8, 1, 'Bangladeshi', '1994-05-14', NULL, 'baby.png', 'Md Badol', 'Bavli', 'Babu', '01841234567', '01712378945', '01632569874', 'chittagong,Bangladesh.', 'chittagong,Bangladesh.', 1, 105, 1, 2018, 2018, 10, 2, 4, NULL, 1, '2018-05-30 09:05:24', '2018-05-30 09:05:24'),
(86, 'Mustafij', 1, 5, 1, 'Bangladeshi', '1995-01-16', NULL, 'baby.png', 'Md kamal', 'Farjana', 'Sabik', '01811236455', '01722365478', '01632147895', 'chittagong,Bangladesh.', 'chittagong,Bangladesh.', 2, 106, 1, 2018, 2018, 10, 2, 4, NULL, 1, '2018-05-30 09:07:47', '2018-05-30 09:07:47'),
(87, 'Md latif', 1, 7, 1, 'Bangladeshi', '1996-05-11', NULL, 'baby.png', 'Md Fahim', 'Simula', 'Sumu', '01811236455', '01712364789', '01612369754', 'chittagong,Bangladesh.', 'chittagong,Bangladesh.', 3, 107, 1, 2018, 2018, 10, 2, 4, NULL, 1, '2018-05-30 09:10:06', '2018-05-30 09:10:06');

-- --------------------------------------------------------

--
-- Table structure for table `subjects`
--

CREATE TABLE `subjects` (
  `id` int(10) UNSIGNED NOT NULL,
  `code` varchar(191) COLLATE utf8mb4_unicode_ci DEFAULT NULL,
  `name` varchar(191) COLLATE utf8mb4_unicode_ci NOT NULL,
  `full_marks` double(5,2) DEFAULT NULL,
  `pass_marks` double(5,2) DEFAULT NULL,
  `written_marks` double(5,2) DEFAULT NULL,
  `written_pass_marks` double(5,2) DEFAULT NULL,
  `mcq_marks` double(5,2) DEFAULT NULL,
  `mcq_pass_marks` double(5,2) DEFAULT NULL,
  `practical_marks` double(5,2) DEFAULT NULL,
  `practical_pass_marks` double(5,2) DEFAULT NULL,
  `the_class_id` int(10) UNSIGNED NOT NULL,
  `has_written` tinyint(1) NOT NULL,
  `has_mcq` tinyint(1) NOT NULL,
  `has_practical` tinyint(1) NOT NULL,
  `is_optional` tinyint(1) NOT NULL,
  `group_id` int(10) UNSIGNED NOT NULL,
  `created_at` timestamp NULL DEFAULT NULL,
  `updated_at` timestamp NULL DEFAULT NULL
) ENGINE=InnoDB DEFAULT CHARSET=utf8mb4 COLLATE=utf8mb4_unicode_ci;

--
-- Dumping data for table `subjects`
--

INSERT INTO `subjects` (`id`, `code`, `name`, `full_marks`, `pass_marks`, `written_marks`, `written_pass_marks`, `mcq_marks`, `mcq_pass_marks`, `practical_marks`, `practical_pass_marks`, `the_class_id`, `has_written`, `has_mcq`, `has_practical`, `is_optional`, `group_id`, `created_at`, `updated_at`) VALUES
(1, '101', 'Bangla', 100.00, 33.00, 100.00, 33.00, NULL, NULL, NULL, NULL, 1, 1, 0, 0, 0, 1, '2018-05-28 06:05:18', '2018-05-28 06:05:18'),
(2, '102', 'English', 100.00, 33.00, 100.00, 33.00, NULL, NULL, NULL, NULL, 1, 1, 0, 0, 0, 1, '2018-05-28 06:25:16', '2018-05-28 06:25:16'),
(3, '103', 'Math', 100.00, 33.00, 100.00, 33.00, NULL, NULL, NULL, NULL, 1, 1, 0, 0, 0, 1, '2018-05-28 06:27:37', '2018-05-28 06:27:37'),
(5, '102', 'English', 100.00, 33.00, 100.00, 33.00, NULL, NULL, NULL, NULL, 2, 1, 0, 0, 0, 1, '2018-05-28 07:07:49', '2018-05-29 04:56:57'),
(6, '103', 'Math', 100.00, 33.00, 100.00, 33.00, NULL, NULL, NULL, NULL, 2, 1, 0, 0, 0, 1, '2018-05-28 07:08:26', '2018-05-29 04:58:12'),
(7, '101', 'Bangla', 100.00, 33.00, 100.00, 33.00, NULL, NULL, NULL, NULL, 3, 1, 0, 0, 0, 1, '2018-05-28 07:10:37', '2018-05-29 05:00:25'),
(8, '102', 'English', 100.00, 33.00, 100.00, 33.00, NULL, NULL, NULL, NULL, 3, 1, 0, 0, 0, 1, '2018-05-28 07:11:05', '2018-05-29 05:01:18'),
(9, '103', 'Math', 100.00, 33.00, 100.00, 33.00, NULL, NULL, NULL, NULL, 3, 1, 0, 0, 0, 1, '2018-05-28 07:11:36', '2018-05-29 05:02:07'),
(10, '101', 'Bangla', 100.00, 33.00, 100.00, 33.00, NULL, NULL, NULL, NULL, 2, 1, 0, 0, 0, 1, '2018-05-29 04:48:42', '2018-05-29 04:48:42'),
(12, '101', 'Bangla', 100.00, 33.00, 100.00, 33.00, NULL, NULL, NULL, NULL, 4, 1, 0, 0, 0, 1, '2018-05-29 05:04:05', '2018-05-29 05:04:05'),
(13, '102', 'English', 100.00, 33.00, 100.00, 33.00, NULL, NULL, NULL, NULL, 4, 1, 0, 0, 0, 1, '2018-05-29 05:05:23', '2018-05-29 05:05:23'),
(14, '103', 'Math', 100.00, 33.00, 100.00, 33.00, NULL, NULL, NULL, NULL, 5, 1, 0, 0, 0, 1, '2018-05-29 05:06:57', '2018-05-29 05:06:57'),
(15, '101', 'Bangla', 100.00, 33.00, 100.00, 33.00, NULL, NULL, NULL, NULL, 5, 1, 0, 0, 0, 1, '2018-05-29 05:08:22', '2018-05-29 05:08:22'),
(16, '103', 'Math', 100.00, 33.00, 100.00, 33.00, NULL, NULL, NULL, NULL, 4, 1, 0, 0, 0, 1, '2018-05-29 05:10:38', '2018-05-29 05:10:38'),
(17, '102', 'English', 100.00, 33.00, 100.00, 33.00, NULL, NULL, NULL, NULL, 5, 1, 0, 0, 0, 1, '2018-05-29 05:12:50', '2018-05-29 05:12:50'),
(18, '101', 'Bangla', 100.00, 33.00, 70.00, 23.00, 30.00, 10.00, NULL, NULL, 6, 1, 1, 0, 0, 1, '2018-05-29 05:13:31', '2018-05-29 05:47:56'),
(20, '103', 'Math', 100.00, 33.00, 70.00, 23.00, 30.00, 10.00, NULL, NULL, 6, 1, 1, 0, 0, 1, '2018-05-29 05:15:56', '2018-05-29 05:49:48'),
(21, '102', 'English', 100.00, 33.00, 70.00, 23.00, 30.00, 10.00, NULL, NULL, 6, 1, 1, 0, 0, 1, '2018-05-29 05:18:01', '2018-05-29 05:48:47'),
(22, '101', 'Bangla', 100.00, 33.00, 70.00, 23.00, 30.00, 10.00, NULL, NULL, 7, 1, 1, 0, 0, 1, '2018-05-29 05:18:33', '2018-05-29 06:24:26'),
(23, '102', 'English', 100.00, 33.00, 70.00, 23.00, 30.00, 10.00, NULL, NULL, 7, 1, 1, 0, 0, 1, '2018-05-29 05:21:58', '2018-05-29 06:26:21'),
(24, '103', 'Math', 100.00, 33.00, 70.00, 23.00, 30.00, 10.00, NULL, NULL, 7, 1, 1, 0, 0, 1, '2018-05-29 05:22:39', '2018-05-29 06:31:32'),
(25, '101', 'Bangla', 100.00, 33.00, 70.00, 23.00, 30.00, 10.00, NULL, NULL, 8, 1, 1, 0, 0, 1, '2018-05-29 05:23:27', '2018-05-29 06:31:59'),
(26, '102', 'English', 100.00, 33.00, 70.00, 23.00, 30.00, 10.00, NULL, NULL, 8, 1, 1, 0, 0, 1, '2018-05-29 05:25:50', '2018-05-29 06:32:45'),
(27, '103', 'Math', 100.00, 33.00, 70.00, 23.00, 30.00, 10.00, NULL, NULL, 8, 1, 1, 0, 0, 1, '2018-05-29 05:31:46', '2018-05-29 06:33:30'),
(28, '101', 'Bangla', 100.00, 33.00, 70.00, 23.00, 30.00, 10.00, NULL, NULL, 9, 1, 1, 0, 0, 1, '2018-05-29 05:36:11', '2018-05-29 05:44:26'),
(29, '102', 'English', 100.00, 33.00, 70.00, 23.00, 30.00, 10.00, NULL, NULL, 9, 1, 1, 0, 0, 1, '2018-05-29 05:45:48', '2018-05-29 05:45:48'),
(30, '103', 'Math', 100.00, 33.00, 70.00, 23.00, 30.00, 10.00, NULL, NULL, 9, 1, 1, 0, 0, 1, '2018-05-29 05:46:41', '2018-05-29 05:46:41'),
(31, '111', 'Physics', 100.00, 33.00, 60.00, 20.00, 20.00, 7.00, 20.00, 7.00, 9, 1, 1, 1, 0, 2, '2018-05-29 05:57:10', '2018-05-29 05:57:10'),
(32, '110', 'Higher Math', 100.00, 33.00, 60.00, 20.00, 20.00, 7.00, 20.00, 7.00, 9, 1, 1, 1, 1, 2, '2018-05-29 05:59:20', '2018-05-29 05:59:20'),
(33, '112', 'Finance', 100.00, 33.00, 60.00, 20.00, 20.00, 7.00, 20.00, 7.00, 9, 1, 1, 1, 0, 3, '2018-05-29 06:00:48', '2018-05-29 06:00:48'),
(34, '113', 'Agriculture', 100.00, 33.00, 60.00, 20.00, 20.00, 7.00, 20.00, 7.00, 9, 1, 1, 1, 1, 3, '2018-05-29 06:37:53', '2018-05-29 06:37:53'),
(36, '114', 'Geography', 100.00, 33.00, 60.00, 20.00, 20.00, 7.00, 20.00, 7.00, 9, 1, 1, 1, 0, 4, '2018-05-29 06:43:21', '2018-05-29 06:43:21'),
(37, '113', 'Agriculture', 100.00, 33.00, 60.00, 20.00, 20.00, 7.00, 20.00, 7.00, 9, 1, 1, 1, 1, 4, '2018-05-29 06:46:32', '2018-05-29 06:46:32'),
(38, '101', 'Bangla', 100.00, 33.00, 70.00, 23.00, 30.00, 10.00, NULL, NULL, 10, 1, 1, 0, 0, 1, '2018-05-29 06:48:08', '2018-05-29 06:48:08'),
(39, '102', 'English', 100.00, 33.00, 70.00, 23.00, 30.00, 10.00, NULL, NULL, 10, 1, 1, 0, 0, 1, '2018-05-29 06:49:05', '2018-05-29 06:49:05'),
(40, '103', 'Math', 100.00, 33.00, 70.00, 23.00, 30.00, 10.00, NULL, NULL, 10, 1, 1, 0, 0, 1, '2018-05-29 06:50:33', '2018-05-29 06:50:33'),
(41, '111', 'Physics', 100.00, 33.00, 60.00, 20.00, 20.00, 7.00, 20.00, 7.00, 10, 1, 1, 1, 0, 2, '2018-05-29 06:51:58', '2018-05-29 06:51:58'),
(43, '110', 'Higher Math', 100.00, 33.00, 60.00, 20.00, 20.00, 7.00, 20.00, 7.00, 10, 1, 1, 1, 1, 2, '2018-05-29 06:56:37', '2018-05-29 06:56:37'),
(44, '112', 'Finance', 100.00, 33.00, 60.00, 20.00, 20.00, 7.00, 20.00, 7.00, 10, 1, 1, 1, 0, 3, '2018-05-29 06:59:51', '2018-05-29 06:59:51'),
(45, '113', 'Agriculture', 100.00, 33.00, 60.00, 20.00, 20.00, 7.00, 20.00, 7.00, 10, 1, 1, 1, 1, 3, '2018-05-29 07:02:08', '2018-05-29 07:02:08'),
(46, '114', 'Geography', 100.00, 33.00, 60.00, 20.00, 20.00, 7.00, 20.00, 7.00, 10, 1, 1, 1, 0, 4, '2018-05-29 07:04:54', '2018-05-29 07:04:54'),
(47, '113', 'Agriculture', 100.00, 33.00, 60.00, 20.00, 20.00, 7.00, 20.00, 7.00, 10, 1, 1, 1, 1, 4, '2018-05-29 07:05:54', '2018-05-29 07:05:54');

-- --------------------------------------------------------

--
-- Table structure for table `subject_assigns`
--

CREATE TABLE `subject_assigns` (
  `id` int(10) UNSIGNED NOT NULL,
  `subject_id` int(10) UNSIGNED NOT NULL,
  `teacher_id` bigint(20) UNSIGNED NOT NULL,
  `created_at` timestamp NULL DEFAULT NULL,
  `updated_at` timestamp NULL DEFAULT NULL
) ENGINE=InnoDB DEFAULT CHARSET=utf8mb4 COLLATE=utf8mb4_unicode_ci;

-- --------------------------------------------------------

--
-- Table structure for table `teachers`
--

CREATE TABLE `teachers` (
  `id` bigint(20) UNSIGNED NOT NULL,
  `name` varchar(100) COLLATE utf8mb4_unicode_ci NOT NULL,
  `current_address` varchar(256) COLLATE utf8mb4_unicode_ci NOT NULL,
  `permanent_address` varchar(256) COLLATE utf8mb4_unicode_ci NOT NULL,
  `dob` date NOT NULL,
  `national_id` varchar(100) COLLATE utf8mb4_unicode_ci NOT NULL,
  `marital_status` tinyint(1) NOT NULL,
  `user_id` bigint(20) UNSIGNED NOT NULL,
  `religion_id` int(10) UNSIGNED NOT NULL,
  `blood_group_id` int(10) UNSIGNED NOT NULL,
  `gender_id` int(10) UNSIGNED NOT NULL,
  `nationality` varchar(20) COLLATE utf8mb4_unicode_ci NOT NULL,
  `cell` varchar(20) COLLATE utf8mb4_unicode_ci NOT NULL,
  `photo` varchar(191) COLLATE utf8mb4_unicode_ci DEFAULT NULL,
  `created_at` timestamp NULL DEFAULT NULL,
  `updated_at` timestamp NULL DEFAULT NULL
) ENGINE=InnoDB DEFAULT CHARSET=utf8mb4 COLLATE=utf8mb4_unicode_ci;

--
-- Dumping data for table `teachers`
--

INSERT INTO `teachers` (`id`, `name`, `current_address`, `permanent_address`, `dob`, `national_id`, `marital_status`, `user_id`, `religion_id`, `blood_group_id`, `gender_id`, `nationality`, `cell`, `photo`, `created_at`, `updated_at`) VALUES
(1, 'Tania', 'ctg', '01812345648', '1990-05-04', '123456984551225265', 1, 6, 1, 1, 1, 'Bangladeshi', '01812365478', '6--Desert.jpg', '2018-05-28 06:10:52', '2018-05-28 06:39:38'),
(2, 'Md.Bhuiyan', 'pakkar matha', '01811234567', '1998-05-08', '011233647896', 0, 7, 1, 1, 1, 'Bangladeshi', '01811234567', '7--Desert.jpg', '2018-05-28 06:32:01', '2018-05-28 06:38:47'),
(3, 'Md.Bhuiyan', 'pakkar matha', '01811234567', '1998-05-08', '011233647896', 0, 8, 1, 1, 1, 'Bangladeshi', '01811234567', '8--Desert.jpg', '2018-05-28 06:32:03', '2018-05-28 06:39:07'),
(5, 'Imran', 'Kalurgath', '01711236547', '1990-01-30', '01055485155', 0, 10, 1, 1, 1, 'Bangladeshi', '01711236547', '10--Desert.jpg', '2018-05-28 06:42:38', '2018-05-28 06:42:38'),
(6, 'oni', 'ctg', '01811234567', '1990-01-01', '155844541045', 0, 11, 1, 1, 1, 'Bangladeshi', '01811234567', '11--Desert.jpg', '2018-05-28 06:45:41', '2018-05-28 06:45:41'),
(7, 'Akash', 'Chowkbazar', '01711234567', '1999-06-08', '013458761782', 1, 12, 1, 3, 1, 'Bangladeshi', '01711234567', '12--Desert.jpg', '2018-05-28 06:47:27', '2018-05-28 06:47:27'),
(8, 'uzzwal kanti nath', 'Chittagong University', '01849669117', '1997-05-14', '1515101412142', 0, 13, 2, 1, 1, 'Bangladeshi', '01849669117', '13--Desert.jpg', '2018-05-28 06:50:37', '2018-05-28 06:50:37'),
(9, 'Dipannita Roy', 'Chittagong University', '01835051521', '1998-05-04', '155844541046', 0, 14, 2, 1, 2, 'Bangladeshi', '01835051521', '14--Desert.jpg', '2018-05-28 06:52:52', '2018-05-28 06:52:52'),
(10, 'Asrar Uddin Chowdhury', 'kotwali', '01844892481', '1990-08-01', '155844541078', 0, 15, 1, 1, 1, 'Bangladeshi', '01844892481', '15--Desert.jpg', '2018-05-28 06:55:31', '2018-05-28 06:55:31');

-- --------------------------------------------------------

--
-- Table structure for table `the_classes`
--

CREATE TABLE `the_classes` (
  `id` int(10) UNSIGNED NOT NULL,
  `name` varchar(191) COLLATE utf8mb4_unicode_ci NOT NULL,
  `created_at` timestamp NULL DEFAULT NULL,
  `updated_at` timestamp NULL DEFAULT NULL
) ENGINE=InnoDB DEFAULT CHARSET=utf8mb4 COLLATE=utf8mb4_unicode_ci;

--
-- Dumping data for table `the_classes`
--

INSERT INTO `the_classes` (`id`, `name`, `created_at`, `updated_at`) VALUES
(1, 'One', NULL, NULL),
(2, 'Two', NULL, NULL),
(3, 'Three', NULL, NULL),
(4, 'Four', NULL, NULL),
(5, 'Five', NULL, NULL),
(6, 'Six', NULL, NULL),
(7, 'Seven', NULL, NULL),
(8, 'Eight', NULL, NULL),
(9, 'Nine', NULL, NULL),
(10, 'Ten', NULL, NULL);

-- --------------------------------------------------------

--
-- Table structure for table `users`
--

CREATE TABLE `users` (
  `id` bigint(20) UNSIGNED NOT NULL,
  `name` varchar(191) COLLATE utf8mb4_unicode_ci DEFAULT NULL,
  `email` varchar(191) COLLATE utf8mb4_unicode_ci DEFAULT NULL,
  `username` varchar(191) COLLATE utf8mb4_unicode_ci NOT NULL,
  `password` varchar(191) COLLATE utf8mb4_unicode_ci DEFAULT NULL,
  `role_id` int(10) UNSIGNED NOT NULL DEFAULT '1',
  `remember_token` varchar(100) COLLATE utf8mb4_unicode_ci DEFAULT NULL,
  `created_at` timestamp NULL DEFAULT NULL,
  `updated_at` timestamp NULL DEFAULT NULL
) ENGINE=InnoDB DEFAULT CHARSET=utf8mb4 COLLATE=utf8mb4_unicode_ci;

--
-- Dumping data for table `users`
--

INSERT INTO `users` (`id`, `name`, `email`, `username`, `password`, `role_id`, `remember_token`, `created_at`, `updated_at`) VALUES
(1, NULL, NULL, 'kdait', '$2y$10$eE1jaSpCzXFsrj1sXRsdTeXLn8bC9JDFD3jy5unFdTe6fNvw04Xwq', 5, 'i9gwtbMXpeNT0YA43OpgI28TF2ZTB8MUBb0nLus2mmoT94jKt2yUzgGADEFe', '2018-05-28 05:34:53', '2018-05-28 05:34:53'),
(2, NULL, NULL, 'admin', '$2y$10$mBSQVhSZgpQ4jV1YVHMLAu2O8OCzrtwAsRDchNkD7fIpFuVO/o4T6', 4, NULL, '2018-05-28 05:34:53', '2018-05-28 05:34:53'),
(3, NULL, NULL, 'C180000', '$2y$10$HMSFjj02NOnjKxnqlZi2seHFxI18zA/Jwf2tJaWDi/zeJcKYXcXQq', 3, NULL, '2018-05-28 05:53:05', '2018-05-28 05:53:05'),
(4, NULL, NULL, 'C180001', '$2y$10$YzeYQoqdK7pQdb4wgMD9guzYcONXyd8XVOko2/au6OjWoklwiya1u', 3, 'acgo1hPDjqbtbeS9HDN0NxUTHOnw5H9ndhUNtfrq0BclwyopXzetjM6b1WbP', '2018-05-28 05:54:26', '2018-05-28 05:54:26'),
(5, NULL, NULL, 'T180000', '$2y$10$p6IVDditTBhci/S3h8ilPupJjICLSStN1UCEZRLmE.2khBAotw1pq', 2, NULL, '2018-05-28 06:09:05', '2018-05-28 06:09:05'),
(6, NULL, NULL, 'T180001', '$2y$10$.Qiz7kDgni8kOR21uYnpIOZY8A6Vm1gL9nuHDoJgtKe/9YgijxS7u', 2, NULL, '2018-05-28 06:10:52', '2018-05-28 06:10:52'),
(7, NULL, NULL, 'T180002', '$2y$10$SnnJac.Lsc8KRucL5HUASOYpDVfvCJASinERDdK7LViLycPAEhBZ.', 2, NULL, '2018-05-28 06:32:01', '2018-05-28 06:32:01'),
(8, NULL, NULL, 'T180003', '$2y$10$eHtpaO4jSlZ2zKEcOjlroeuAtPt8/EYEFrGZlBE4OvHV2mfpHAVYa', 2, NULL, '2018-05-28 06:32:03', '2018-05-28 06:32:03'),
(10, NULL, NULL, 'T180005', '$2y$10$wcWO3CpQ9ipboje5YyAiUu/IO5ZbSsDrniza6Zw18zlaD.AiE8/Ye', 2, NULL, '2018-05-28 06:42:38', '2018-05-28 06:42:38'),
(11, NULL, NULL, 'T180006', '$2y$10$agfrwv2db7rf3UWY4KEzcuTJ3obxMnkDDEw12k9sHFVOBxfCAK2CK', 2, NULL, '2018-05-28 06:45:41', '2018-05-28 06:45:41'),
(12, NULL, NULL, 'T180007', '$2y$10$Q90K/yYeQxNw9Pmv0fJ3P.v0g0EGVIYC81VJyPqe2nXcUqgbXpQI6', 2, NULL, '2018-05-28 06:47:27', '2018-05-28 06:47:27'),
(13, NULL, NULL, 'T180008', '$2y$10$QC/KqKpR/jicrSftswFJvO675UK78jtL0tNQ9sszbQR7JyctNqVZS', 2, NULL, '2018-05-28 06:50:37', '2018-05-28 06:50:37'),
(14, NULL, NULL, 'T180009', '$2y$10$A0wzMjhHu0EOj3oKifUpLu.9iTak.CJF05vhvlHDDE2z1TbnGLnM2', 2, NULL, '2018-05-28 06:52:52', '2018-05-28 06:52:52'),
(15, NULL, NULL, 'T180010', '$2y$10$8dgwavWzlJTVhUxyHeuf2eP1r00MtwciD12z7fW.RhLdYH5VQ4TI2', 2, NULL, '2018-05-28 06:55:31', '2018-05-28 06:55:31'),
(17, NULL, NULL, 'S180000', '$2y$10$QHbei3buccI17Lci8SoiNOMNcAM0nkNK4Bkw5rpOMf01ZR1qGGsEu', 1, NULL, '2018-05-29 09:14:15', '2018-05-29 09:14:15'),
(18, NULL, NULL, 'S180001', '$2y$10$9oN2qXJUjiDXmGxWn4DCpu8.N2F9zVpt6syCquvSQ05F6vUYKHw2S', 1, NULL, '2018-05-29 09:17:35', '2018-05-29 09:17:35'),
(19, NULL, NULL, 'S180002', '$2y$10$VczYlhFxWUq3T5ws76Zqh.daUkG6c/mYCzUQM5BAv5sSK.uP8p8LG', 1, NULL, '2018-05-29 09:23:14', '2018-05-29 09:23:14'),
(20, NULL, NULL, 'S180003', '$2y$10$Yb/PsI8OnC8ECigWkVdJee7gf3QT8ePibGqTmyXLO0v3T0nvfyPSO', 1, NULL, '2018-05-29 09:23:40', '2018-05-29 09:23:40'),
(22, NULL, NULL, 'S180005', '$2y$10$QksRxLTslKgp8riAfnq/luEGF0jsghQGmLNefknELfAgNplSiyZRK', 1, NULL, '2018-05-29 09:29:48', '2018-05-29 09:29:48'),
(24, NULL, NULL, 'S180007', '$2y$10$q9FawAYIgSj2582k4tE6DeT/00/2NRUwNF/r62yW9DbvTRtQ6yaCO', 1, NULL, '2018-05-29 09:34:16', '2018-05-29 09:34:16'),
(25, NULL, NULL, 'S180008', '$2y$10$9z8YtoTgJkdPcvXb.gHdmuEpoX6d3BjBv8y2arKZSEPjsxe2Bcnj2', 1, NULL, '2018-05-29 09:45:41', '2018-05-29 09:45:41'),
(26, NULL, NULL, 'S180009', '$2y$10$Q6wqN2.rvoxEVqJstnC/aeBgCWJWRgPrgQW5pAiNzU2ry8z74yy6.', 1, NULL, '2018-05-29 09:48:09', '2018-05-29 09:48:09'),
(27, NULL, NULL, 'S180010', '$2y$10$qYXYXguRlUdOrGlMFSCmAepFbCNBHggzOtZbEqrK1c23xUSelOBdS', 1, NULL, '2018-05-29 09:50:11', '2018-05-29 09:50:11'),
(29, NULL, NULL, 'S180012', '$2y$10$j/7vwH3q37Ew5A.ujDPLR.Z61nykIBH4c6SV.UGtpYr.OqJnXvp.C', 1, NULL, '2018-05-29 09:56:11', '2018-05-29 09:56:11'),
(30, NULL, NULL, 'S180013', '$2y$10$8xwhNXTVwUJBwHuzgxhr4euuuWRBmUQz.I6zDe0q.9r3SLfd7Qdp2', 1, NULL, '2018-05-29 09:58:14', '2018-05-29 09:58:14'),
(31, NULL, NULL, 'S180014', '$2y$10$6RJqGf5BruisGOlxxdF3xeHnbTmn.oufojC3Jy9s49QqzDd/vDvwi', 1, NULL, '2018-05-29 10:00:15', '2018-05-29 10:00:15'),
(32, NULL, NULL, 'S180015', '$2y$10$TFI/i9DCAydZiCKxHtAIGekUHQ2mx4qOe9cIH7qUQ/FAki1PIne76', 1, NULL, '2018-05-29 10:02:46', '2018-05-29 10:02:46'),
(33, NULL, NULL, 'S180016', '$2y$10$YgLgFsD5MQR9CkrYnAzJxOIrLfrlc3C3Cz0ibh2bk9tD.FQNdIg9S', 1, NULL, '2018-05-29 10:04:57', '2018-05-29 10:04:57'),
(34, NULL, NULL, 'S180017', '$2y$10$8.33maLqrSsElLNF2mnFD.hh2UzkpMRfja1X9FXnyZXsRIBPaRuVS', 1, NULL, '2018-05-29 10:06:40', '2018-05-29 10:06:40'),
(35, NULL, NULL, 'S180018', '$2y$10$JJs0UN1Yug0xwGnbbsMaN.vYXZF6zJgdE147zWonVHWYB3panXuB6', 1, NULL, '2018-05-30 04:47:20', '2018-05-30 04:47:20'),
(36, NULL, NULL, 'S180019', '$2y$10$BEXYbaJpv7Hllz5VJUOwUe7ALLmdfX4gn95CVm4.41dvKWqYeAU7m', 1, NULL, '2018-05-30 04:49:29', '2018-05-30 04:49:29'),
(37, NULL, NULL, 'S180020', '$2y$10$5Gor0lbLdy.ZE2az2C76BOzKTW1kUTGe4FVsKQAujN4f6EXglob42', 1, NULL, '2018-05-30 04:52:45', '2018-05-30 04:52:45'),
(38, NULL, NULL, 'S180021', '$2y$10$j6YMP/qBi0BVFzFL8H3eQuJtIaFFfTk6rHtXkwiUc7Wtn4s11m3H6', 1, NULL, '2018-05-30 04:55:25', '2018-05-30 04:55:25'),
(39, NULL, NULL, 'S180022', '$2y$10$Xqo9.mx1D40IrLiansfHeuvOBN92XhfmUm5/CJAfEsWJrmuGnCXc.', 1, NULL, '2018-05-30 04:57:20', '2018-05-30 04:57:20'),
(40, NULL, NULL, 'S180023', '$2y$10$1QyWWKUeXgPAUioH4cQgBuPzmq9iQH1Gm4K7rdCAZ4tRXpoStDhXu', 1, NULL, '2018-05-30 04:59:24', '2018-05-30 04:59:24'),
(41, NULL, NULL, 'S180024', '$2y$10$3BX2eldWx0IvUzdES/ba3.v2BgF.0unRIeH4RBdBOWJeXBqrTZdWy', 1, NULL, '2018-05-30 05:01:15', '2018-05-30 05:01:15'),
(42, NULL, NULL, 'S180025', '$2y$10$axynZxPyiwotycLu12JVjuDvNNRU5Sx6jQOLSegcbo2O/QOw137Ze', 1, NULL, '2018-05-30 05:03:31', '2018-05-30 05:03:31'),
(43, NULL, NULL, 'S180026', '$2y$10$LQcK1XkBUky/DIO0IEMdtuYWCXGFkwbx49nbyP8JZdo11r68XMre.', 1, NULL, '2018-05-30 05:05:37', '2018-05-30 05:05:37'),
(44, NULL, NULL, 'S180027', '$2y$10$EXOlhm6FwLH.cGkm6Z6Py.84NOdANS2LTu9pXn0WiVNthDoTu5rdW', 1, NULL, '2018-05-30 05:08:38', '2018-05-30 05:08:38'),
(45, NULL, NULL, 'S180028', '$2y$10$OYZ9hIWyFDtcrJo7O9xYleIUvlFjN8rjMiyjmJzkAsBWkasfCQLKK', 1, NULL, '2018-05-30 05:10:45', '2018-05-30 05:10:45'),
(46, NULL, NULL, 'S180029', '$2y$10$7s0EKl8JAQj.h2551iPenu0MwueqgmufkIMa7T8Pd3g3BOpK8ru9q', 1, NULL, '2018-05-30 05:13:17', '2018-05-30 05:13:17'),
(47, NULL, NULL, 'S180030', '$2y$10$guRWABq8NaW89ULarSWs3OU5SPtaRlaNWmDAQIW2gJxCJZztNasim', 1, NULL, '2018-05-30 05:15:09', '2018-05-30 05:15:09'),
(48, NULL, NULL, 'S180031', '$2y$10$FjR94h16JECccHZMutyLx.gMpo5uXlX/YCnkgHyRh6XBL9IJik7nm', 1, NULL, '2018-05-30 05:16:53', '2018-05-30 05:16:53'),
(49, NULL, NULL, 'S180032', '$2y$10$jTBTZ95MWcCG1uApBLUdreqTZC8UUKlVttWOwY9iWHEH/30scRLKy', 1, NULL, '2018-05-30 05:18:25', '2018-05-30 05:18:25'),
(50, NULL, NULL, 'S180033', '$2y$10$Z6.nSAMjRxZ1jrk/XmMoYuSHiDkUqDO0xM2v9st8dRBVe/g92FiSq', 1, NULL, '2018-05-30 05:42:43', '2018-05-30 05:42:43'),
(51, NULL, NULL, 'S180034', '$2y$10$E82UtFqo5VLW3gBYztKMouqWYYn7ZtJjP15q8Ad5A2lKMlM6hWRm2', 1, NULL, '2018-05-30 05:48:38', '2018-05-30 05:48:38'),
(52, NULL, NULL, 'S180035', '$2y$10$mjZk7w8qQXy0S2Bih3ZaLeKdn5F.soRx20bk2z24C0lsDr9u9461y', 1, NULL, '2018-05-30 05:52:34', '2018-05-30 05:52:34'),
(53, NULL, NULL, 'S180036', '$2y$10$xWJln7klzVbcSoxXhFAOS.m3ArF.uKAZvlrHGcix5lechV0AycP8K', 1, NULL, '2018-05-30 05:57:53', '2018-05-30 05:57:53'),
(54, NULL, NULL, 'S180037', '$2y$10$320XXY/Xz6oOFsBsc2YpLuF33AP7JBIBCSUwViikoDCkaC8RsjiCi', 1, NULL, '2018-05-30 05:59:22', '2018-05-30 05:59:22'),
(55, NULL, NULL, 'S180038', '$2y$10$UswshV.g1lfyshUufDTswOnuVbl99QxDMVrpQgjx5NhKej7W00ggS', 1, NULL, '2018-05-30 06:01:31', '2018-05-30 06:01:31'),
(56, NULL, NULL, 'S180039', '$2y$10$xL5DnCKN38wtxAGjTIs9neERSKdSxviZEHdmq0jMpATkKCxDwczbu', 1, NULL, '2018-05-30 06:03:49', '2018-05-30 06:03:49'),
(57, NULL, NULL, 'S180040', '$2y$10$13UyKMBTCtj2B/EX9q1EvuAxc7wqrGVl79wEDTJIqGyU9qGzENHmm', 1, NULL, '2018-05-30 06:05:44', '2018-05-30 06:05:44'),
(58, NULL, NULL, 'S180041', '$2y$10$Z6rZcpDhhFoUpiwrAGrvq.4bhIq.JzUPAV89iUUMuj50IZj4EZ5LK', 1, NULL, '2018-05-30 06:07:21', '2018-05-30 06:07:21'),
(59, NULL, NULL, 'S180042', '$2y$10$aEhYA9S9/9KuJ0W5yceL/ua1SM0lTBictVJZ7iF6Nvqo7TvOQIJuC', 1, NULL, '2018-05-30 06:11:30', '2018-05-30 06:11:30'),
(60, NULL, NULL, 'S180043', '$2y$10$OFjvju/FGI.6/q0ym1zDCeoYXJuNh/MFZuAGFmf8srlhNKyBCEiLS', 1, NULL, '2018-05-30 06:13:38', '2018-05-30 06:13:38'),
(61, NULL, NULL, 'S180044', '$2y$10$cM1AVzMUldED5hKesmlBduVhUHAm1iNwkW6DSXCJzpE7oMoKl0lF6', 1, NULL, '2018-05-30 06:16:13', '2018-05-30 06:16:13'),
(62, NULL, NULL, 'S180045', '$2y$10$eWbgDwIFzAdpL518i5ZDte65Ws/vuEfGbBNDAnC4hajz4.KNPvwZy', 1, NULL, '2018-05-30 06:19:46', '2018-05-30 06:19:46'),
(63, NULL, NULL, 'S180046', '$2y$10$5C4mbiJv8b3Xnhmvl/LcHuXtM113F74.8JZwW425.4HMSiefxYdYa', 1, NULL, '2018-05-30 06:21:42', '2018-05-30 06:21:42'),
(64, NULL, NULL, 'S180047', '$2y$10$90TSvQ1IefanF0e93YoqlOwXhdJ6mowt6H661PO5mPWwz7MNiJIJK', 1, NULL, '2018-05-30 06:23:37', '2018-05-30 06:23:37'),
(65, NULL, NULL, 'S180048', '$2y$10$jc7s2MC2PR7Jny7nnMWonOoxTSbYKPEpjDAifAdv0xKAGYS10ymL2', 1, NULL, '2018-05-30 06:26:12', '2018-05-30 06:26:12'),
(66, NULL, NULL, 'S180049', '$2y$10$UQ6AmtdjNCFzE15k9ayeFuMSp3j44V0kSE99tTu5Ogjg.IGCBsfYe', 1, NULL, '2018-05-30 06:27:40', '2018-05-30 06:27:40'),
(67, NULL, NULL, 'S180050', '$2y$10$Pb1kFcLVA54ajQvYQsVJYe0HytE1fQHRHWeEYja.uhQC4.aaQ9dxu', 1, NULL, '2018-05-30 06:29:24', '2018-05-30 06:29:24'),
(68, NULL, NULL, 'S180051', '$2y$10$6JxNdtCplBc/l1u8nmMhU.pdXd.Hd1aXVulc.TBpCLL8HrWWRh10K', 1, NULL, '2018-05-30 06:31:17', '2018-05-30 06:31:17'),
(69, NULL, NULL, 'S180052', '$2y$10$/HDBt.vvOlLrPK3/YYsZXeBJWMt8/8NLzKGNdGQAFMF.4WACWzoKW', 1, NULL, '2018-05-30 06:33:15', '2018-05-30 06:33:15'),
(70, NULL, NULL, 'S180053', '$2y$10$3jCkkyPEEEcyhEo/GNsaI.oDyjIzd1FQgOEe4j1ydPZ1kGA64kNXi', 1, NULL, '2018-05-30 06:35:09', '2018-05-30 06:35:09'),
(71, NULL, NULL, 'S180054', '$2y$10$1fzk90ixBzjaHm519BpzpOLIwUN.HPxbmA2uKjZ7ngDCIDR2kWvza', 1, NULL, '2018-05-30 06:37:30', '2018-05-30 06:37:30'),
(72, NULL, NULL, 'S180055', '$2y$10$InHe5OBlmKzz2Kj4XmWLcO8/He/iWuyhvJHUc9ukF/vp01mjYAfHO', 1, NULL, '2018-05-30 06:39:22', '2018-05-30 06:39:22'),
(73, NULL, NULL, 'S180056', '$2y$10$kDKEoedFWQpE6DfTQLRGpOpZE5VnJJgalMbJKNXHWQsPcbVDK3gYi', 1, NULL, '2018-05-30 06:46:42', '2018-05-30 06:46:42'),
(74, NULL, NULL, 'S180057', '$2y$10$/qXVEiBm/H4I8R8eaAEzK.Tp2ozDWHRNOB2/4TyKDC0qj4VIUvpxC', 1, NULL, '2018-05-30 06:48:56', '2018-05-30 06:48:56'),
(75, NULL, NULL, 'S180058', '$2y$10$iNVuU.KNpJ.ObFeU1T/vROiqHxuMDSWXvFAFwB7Vb8KPFgqGna07q', 1, NULL, '2018-05-30 06:52:01', '2018-05-30 06:52:01'),
(76, NULL, NULL, 'S180059', '$2y$10$xHKDP4izaLOiyNf3BcIogOfCBeMNDIDH3bEJKhvRQADJQJ5AZv/2m', 1, NULL, '2018-05-30 06:53:52', '2018-05-30 06:53:52'),
(77, NULL, NULL, 'S180060', '$2y$10$nHI6gvnBEqI1kc.jszJUQ.vQpuz5I3Sbb8Kb6y873YgSudCjICAFK', 1, NULL, '2018-05-30 06:55:37', '2018-05-30 06:55:37'),
(78, NULL, NULL, 'S180061', '$2y$10$53jyRCD7I8uo8gDFzW97CeEUPO7Mt1LWAnGoXJ4OWbM5.a2h.cT62', 1, NULL, '2018-05-30 06:57:53', '2018-05-30 06:57:53'),
(79, NULL, NULL, 'S180062', '$2y$10$i1lOVn4PkSDv/ftbOHmmE.5XYXiq3nSD/Qh0p7DjdFnE.ZSetV1Yu', 1, NULL, '2018-05-30 06:59:39', '2018-05-30 06:59:39'),
(80, NULL, NULL, 'S180063', '$2y$10$3gBI1DmoKCGb9eg7BorrsObt31oO28Ph5AUvFoeRlywP2ho83AeOq', 1, NULL, '2018-05-30 07:01:56', '2018-05-30 07:01:56'),
(81, NULL, NULL, 'S180064', '$2y$10$cWNr0bhVtQ04NwkJD7dwHe5tCVooFGb0NE6aQLB0EKPrnJf5IZbSS', 1, NULL, '2018-05-30 07:03:56', '2018-05-30 07:03:56'),
(82, NULL, NULL, 'S180065', '$2y$10$o4RjaD6nLVbWix.NHc05hOfJMybR10SSedfI4hIjlXffJHbwGvcIK', 1, NULL, '2018-05-30 07:05:54', '2018-05-30 07:05:54'),
(83, NULL, NULL, 'S180066', '$2y$10$RNjiItuc0A6ct8Gi7aVKr.cEhT3JU9UjTjYRl0bT9gTgr247z0pAe', 1, NULL, '2018-05-30 07:07:55', '2018-05-30 07:07:55'),
(84, NULL, NULL, 'S180067', '$2y$10$Rmv462DRueeEWycSno43UevtE6VVE6w5PAUAjr9jLEtJk/AGSBwR6', 1, NULL, '2018-05-30 07:12:05', '2018-05-30 07:12:05'),
(85, NULL, NULL, 'S180068', '$2y$10$QoT7EH21.6H3Vbp2cOlZT.hbbWn.XBRwYW5zmYHk3sJeW/ckz7M4m', 1, NULL, '2018-05-30 07:14:28', '2018-05-30 07:14:28'),
(86, NULL, NULL, 'S180069', '$2y$10$xpwp4VsmuDVy1kuZZ338Zep/fkJ54YVvjNM1fEPPJzHviKC3KOz8a', 1, NULL, '2018-05-30 07:16:49', '2018-05-30 07:16:49'),
(87, NULL, NULL, 'S180070', '$2y$10$kDS7C0jeyZJw1TM6fVgEruO9UXnZZGsAPE.QGLXnt5gZRxqakn18i', 1, NULL, '2018-05-30 07:30:39', '2018-05-30 07:30:39'),
(88, NULL, NULL, 'S180071', '$2y$10$JA9DKW7PeNelMMrJeQk4.ebYoXrzhk7qatTvJ6DL4nU5s99/0XV.a', 1, NULL, '2018-05-30 07:36:03', '2018-05-30 07:36:03'),
(89, NULL, NULL, 'S180072', '$2y$10$x0UqCQQbRjZUb56oC/hQWO4f7X.9K0qc6o5QZ.txnbsjA1GVdYcY.', 1, NULL, '2018-05-30 07:39:15', '2018-05-30 07:39:15'),
(90, NULL, NULL, 'S180073', '$2y$10$B5zPKxCIToIUssnGu8e5luLrXGjZjy3q.uD1p7KK5RQEpzfq4rw.C', 1, NULL, '2018-05-30 07:49:27', '2018-05-30 07:49:27'),
(91, NULL, NULL, 'S180074', '$2y$10$4IFZvM9SsD2UFY9EyXOiHu9GM4FOVL3CxmK5mhTyiN44FGmupHoTm', 1, NULL, '2018-05-30 07:53:27', '2018-05-30 07:53:27'),
(92, NULL, NULL, 'S180075', '$2y$10$5S5.qDw8eKGtqU.IxicCjeXOtuqGCxheuWHvI3.9Ab5/ltxXjYQUq', 1, NULL, '2018-05-30 07:55:39', '2018-05-30 07:55:39'),
(93, NULL, NULL, 'S180076', '$2y$10$uVc5QV3tld3tmWqewbGaP.HRhTJu57Retlr4YFjuyoEqf7/AdVBc6', 1, NULL, '2018-05-30 07:58:14', '2018-05-30 07:58:14'),
(94, NULL, NULL, 'S180077', '$2y$10$jWwqpEMHO5QqC/fAq3WTlOPFnY8EaIQDxQe97tOTUgIY4eGKktsHm', 1, NULL, '2018-05-30 08:00:14', '2018-05-30 08:00:14'),
(95, NULL, NULL, 'S180078', '$2y$10$ebr.F4Mhq.ZXxuS6NpV3h.S6h/eSLCt4/BfhLPRwHDHq6.Cnqma5i', 1, NULL, '2018-05-30 08:02:56', '2018-05-30 08:02:56'),
(96, NULL, NULL, 'S180079', '$2y$10$KEhPI9m8GMWAoZes2JZOgOu4qQFQmUQJFA6y5O48MGojWhJ/cCMD6', 1, NULL, '2018-05-30 08:23:47', '2018-05-30 08:23:47'),
(97, NULL, NULL, 'S180080', '$2y$10$dvOud8UBMC4hgYsakYh7P.lc66HYLI0fOg7LJ9eRkl6aHRMNydXLG', 1, NULL, '2018-05-30 08:26:19', '2018-05-30 08:26:19'),
(98, NULL, NULL, 'S180081', '$2y$10$IrhMiTzcZxFApPAMHdEWq.yoeiWlWp9Tg/uQ3Tjji6e3fPtCtRjVO', 1, NULL, '2018-05-30 08:28:56', '2018-05-30 08:28:56'),
(99, NULL, NULL, 'S180082', '$2y$10$njuLU7VS94z.3Plge2sBYO.ShlX4t3vkC8c0p4Q.hN2GG76X9I5yO', 1, NULL, '2018-05-30 08:38:26', '2018-05-30 08:38:26'),
(100, NULL, NULL, 'S180083', '$2y$10$.EarWg1EaI8tvU7QFL997eR5qj9KrJQ7KWXRPvPN3k7ZCJ70KEeFi', 1, NULL, '2018-05-30 08:42:02', '2018-05-30 08:42:02'),
(101, NULL, NULL, 'S180084', '$2y$10$BGDdCvqFC/O0ZXTIBlMyeeR846Y2TqkcUVHPFhnJMDVKV8MGwgoJi', 1, NULL, '2018-05-30 08:54:54', '2018-05-30 08:54:54'),
(102, NULL, NULL, 'S180085', '$2y$10$odVHaQUOmh6KVYJTDkwjCua4MvSwqq0JMaVi7s1IyLghoGA66QhwW', 1, NULL, '2018-05-30 08:57:50', '2018-05-30 08:57:50'),
(103, NULL, NULL, 'S180086', '$2y$10$PXManzK9e3DqaxBucS7g8Oz1/cjT3Bwo1iJ9dENe7lr1d.Fq4W3TG', 1, NULL, '2018-05-30 09:00:19', '2018-05-30 09:00:19'),
(104, NULL, NULL, 'S180087', '$2y$10$vwqSr3Q4EikkKHzSWUrt7uch.1m1cDqRdZWkVNtDsQHwnZV4.l6v6', 1, NULL, '2018-05-30 09:02:45', '2018-05-30 09:02:45'),
(105, NULL, NULL, 'S180088', '$2y$10$rCcf1IwAbqhQPGH.tFt7IuNWpvAQmOV.Z8FSKZEMm9w4YoCbG7kyS', 1, NULL, '2018-05-30 09:05:24', '2018-05-30 09:05:24'),
(106, NULL, NULL, 'S180089', '$2y$10$aTvRSlfyEPRcpoIPx2vx1urXSKqKts0BxOnONUtPAun5XznX7pADu', 1, NULL, '2018-05-30 09:07:47', '2018-05-30 09:07:47'),
(107, NULL, NULL, 'S180090', '$2y$10$GEiY560SXHSBG5cgA0OeQ.mpueG8/i.vg/4uUdJDmF8/u4bUgpSwa', 1, NULL, '2018-05-30 09:10:06', '2018-05-30 09:10:06');

--
-- Indexes for dumped tables
--

--
-- Indexes for table `attendances`
--
ALTER TABLE `attendances`
  ADD PRIMARY KEY (`id`),
  ADD KEY `attendances_student_id_index` (`student_id`),
  ADD KEY `attendances_the_class_id_index` (`the_class_id`),
  ADD KEY `attendances_section_id_index` (`section_id`),
  ADD KEY `attendances_shift_id_index` (`shift_id`);

--
-- Indexes for table `blood_groups`
--
ALTER TABLE `blood_groups`
  ADD PRIMARY KEY (`id`);

--
-- Indexes for table `class_assigns`
--
ALTER TABLE `class_assigns`
  ADD PRIMARY KEY (`id`),
  ADD KEY `class_assigns_the_class_id_index` (`the_class_id`),
  ADD KEY `class_assigns_section_id_index` (`section_id`),
  ADD KEY `class_assigns_subject_id_index` (`subject_id`),
  ADD KEY `class_assigns_teacher_id_index` (`teacher_id`);

--
-- Indexes for table `exam_terms`
--
ALTER TABLE `exam_terms`
  ADD PRIMARY KEY (`id`);

--
-- Indexes for table `genders`
--
ALTER TABLE `genders`
  ADD PRIMARY KEY (`id`);

--
-- Indexes for table `grades`
--
ALTER TABLE `grades`
  ADD PRIMARY KEY (`id`);

--
-- Indexes for table `groups`
--
ALTER TABLE `groups`
  ADD PRIMARY KEY (`id`);

--
-- Indexes for table `marks`
--
ALTER TABLE `marks`
  ADD PRIMARY KEY (`id`),
  ADD KEY `marks_the_class_id_index` (`the_class_id`),
  ADD KEY `marks_section_id_index` (`section_id`),
  ADD KEY `marks_shift_id_index` (`shift_id`),
  ADD KEY `marks_student_id_index` (`student_id`),
  ADD KEY `marks_exam_term_id_index` (`exam_term_id`),
  ADD KEY `marks_subject_id_index` (`subject_id`),
  ADD KEY `marks_grade_id_index` (`grade_id`);

--
-- Indexes for table `merit_lists`
--
ALTER TABLE `merit_lists`
  ADD PRIMARY KEY (`id`),
  ADD KEY `merit_lists_grade_id_index` (`grade_id`),
  ADD KEY `merit_lists_the_class_id_index` (`the_class_id`),
  ADD KEY `merit_lists_section_id_index` (`section_id`),
  ADD KEY `merit_lists_shift_id_index` (`shift_id`),
  ADD KEY `merit_lists_student_id_index` (`student_id`),
  ADD KEY `merit_lists_exam_term_id_index` (`exam_term_id`);

--
-- Indexes for table `migrations`
--
ALTER TABLE `migrations`
  ADD PRIMARY KEY (`id`);

--
-- Indexes for table `notices`
--
ALTER TABLE `notices`
  ADD PRIMARY KEY (`id`),
  ADD KEY `notices_user_id_index` (`user_id`);

--
-- Indexes for table `optional_assigns`
--
ALTER TABLE `optional_assigns`
  ADD PRIMARY KEY (`id`),
  ADD KEY `optional_assigns_subject_id_index` (`subject_id`),
  ADD KEY `optional_assigns_student_id_index` (`student_id`);

--
-- Indexes for table `password_resets`
--
ALTER TABLE `password_resets`
  ADD KEY `password_resets_email_index` (`email`);

--
-- Indexes for table `preferences`
--
ALTER TABLE `preferences`
  ADD PRIMARY KEY (`id`);

--
-- Indexes for table `religions`
--
ALTER TABLE `religions`
  ADD PRIMARY KEY (`id`);

--
-- Indexes for table `roles`
--
ALTER TABLE `roles`
  ADD PRIMARY KEY (`id`);

--
-- Indexes for table `sections`
--
ALTER TABLE `sections`
  ADD PRIMARY KEY (`id`);

--
-- Indexes for table `send_sms`
--
ALTER TABLE `send_sms`
  ADD PRIMARY KEY (`id`);

--
-- Indexes for table `shifts`
--
ALTER TABLE `shifts`
  ADD PRIMARY KEY (`id`);

--
-- Indexes for table `sms_histories`
--
ALTER TABLE `sms_histories`
  ADD PRIMARY KEY (`id`);

--
-- Indexes for table `staff`
--
ALTER TABLE `staff`
  ADD PRIMARY KEY (`id`),
  ADD KEY `staff_user_id_index` (`user_id`),
  ADD KEY `staff_religion_id_index` (`religion_id`),
  ADD KEY `staff_blood_group_id_index` (`blood_group_id`),
  ADD KEY `staff_gender_id_index` (`gender_id`);

--
-- Indexes for table `students`
--
ALTER TABLE `students`
  ADD PRIMARY KEY (`id`),
  ADD KEY `students_religion_id_index` (`religion_id`),
  ADD KEY `students_blood_group_id_index` (`blood_group_id`),
  ADD KEY `students_gender_id_index` (`gender_id`),
  ADD KEY `students_user_id_index` (`user_id`),
  ADD KEY `students_shift_id_index` (`shift_id`),
  ADD KEY `students_the_class_id_index` (`the_class_id`),
  ADD KEY `students_section_id_index` (`section_id`),
  ADD KEY `students_group_id_index` (`group_id`);

--
-- Indexes for table `subjects`
--
ALTER TABLE `subjects`
  ADD PRIMARY KEY (`id`),
  ADD KEY `subjects_the_class_id_index` (`the_class_id`),
  ADD KEY `subjects_group_id_index` (`group_id`);

--
-- Indexes for table `subject_assigns`
--
ALTER TABLE `subject_assigns`
  ADD PRIMARY KEY (`id`),
  ADD KEY `subject_assigns_subject_id_index` (`subject_id`),
  ADD KEY `subject_assigns_teacher_id_index` (`teacher_id`);

--
-- Indexes for table `teachers`
--
ALTER TABLE `teachers`
  ADD PRIMARY KEY (`id`),
  ADD KEY `teachers_user_id_index` (`user_id`),
  ADD KEY `teachers_religion_id_index` (`religion_id`),
  ADD KEY `teachers_blood_group_id_index` (`blood_group_id`),
  ADD KEY `teachers_gender_id_index` (`gender_id`);

--
-- Indexes for table `the_classes`
--
ALTER TABLE `the_classes`
  ADD PRIMARY KEY (`id`);

--
-- Indexes for table `users`
--
ALTER TABLE `users`
  ADD PRIMARY KEY (`id`),
  ADD UNIQUE KEY `users_username_unique` (`username`),
  ADD UNIQUE KEY `users_email_unique` (`email`);

--
-- AUTO_INCREMENT for dumped tables
--

--
-- AUTO_INCREMENT for table `attendances`
--
ALTER TABLE `attendances`
  MODIFY `id` bigint(20) UNSIGNED NOT NULL AUTO_INCREMENT;

--
-- AUTO_INCREMENT for table `blood_groups`
--
ALTER TABLE `blood_groups`
  MODIFY `id` int(10) UNSIGNED NOT NULL AUTO_INCREMENT, AUTO_INCREMENT=9;

--
-- AUTO_INCREMENT for table `class_assigns`
--
ALTER TABLE `class_assigns`
  MODIFY `id` bigint(20) UNSIGNED NOT NULL AUTO_INCREMENT, AUTO_INCREMENT=106;

--
-- AUTO_INCREMENT for table `exam_terms`
--
ALTER TABLE `exam_terms`
  MODIFY `id` int(10) UNSIGNED NOT NULL AUTO_INCREMENT, AUTO_INCREMENT=4;

--
-- AUTO_INCREMENT for table `genders`
--
ALTER TABLE `genders`
  MODIFY `id` int(10) UNSIGNED NOT NULL AUTO_INCREMENT, AUTO_INCREMENT=4;

--
-- AUTO_INCREMENT for table `grades`
--
ALTER TABLE `grades`
  MODIFY `id` int(10) UNSIGNED NOT NULL AUTO_INCREMENT, AUTO_INCREMENT=8;

--
-- AUTO_INCREMENT for table `groups`
--
ALTER TABLE `groups`
  MODIFY `id` int(10) UNSIGNED NOT NULL AUTO_INCREMENT, AUTO_INCREMENT=5;

--
-- AUTO_INCREMENT for table `marks`
--
ALTER TABLE `marks`
  MODIFY `id` bigint(20) UNSIGNED NOT NULL AUTO_INCREMENT, AUTO_INCREMENT=652;

--
-- AUTO_INCREMENT for table `merit_lists`
--
ALTER TABLE `merit_lists`
  MODIFY `id` bigint(20) UNSIGNED NOT NULL AUTO_INCREMENT, AUTO_INCREMENT=106;

--
-- AUTO_INCREMENT for table `migrations`
--
ALTER TABLE `migrations`
  MODIFY `id` int(10) UNSIGNED NOT NULL AUTO_INCREMENT, AUTO_INCREMENT=27;

--
-- AUTO_INCREMENT for table `notices`
--
ALTER TABLE `notices`
  MODIFY `id` bigint(20) UNSIGNED NOT NULL AUTO_INCREMENT;

--
-- AUTO_INCREMENT for table `optional_assigns`
--
ALTER TABLE `optional_assigns`
  MODIFY `id` int(10) UNSIGNED NOT NULL AUTO_INCREMENT, AUTO_INCREMENT=4;

--
-- AUTO_INCREMENT for table `preferences`
--
ALTER TABLE `preferences`
  MODIFY `id` int(10) UNSIGNED NOT NULL AUTO_INCREMENT, AUTO_INCREMENT=10;

--
-- AUTO_INCREMENT for table `religions`
--
ALTER TABLE `religions`
  MODIFY `id` int(10) UNSIGNED NOT NULL AUTO_INCREMENT, AUTO_INCREMENT=6;

--
-- AUTO_INCREMENT for table `roles`
--
ALTER TABLE `roles`
  MODIFY `id` int(10) UNSIGNED NOT NULL AUTO_INCREMENT, AUTO_INCREMENT=6;

--
-- AUTO_INCREMENT for table `sections`
--
ALTER TABLE `sections`
  MODIFY `id` int(10) UNSIGNED NOT NULL AUTO_INCREMENT, AUTO_INCREMENT=4;

--
-- AUTO_INCREMENT for table `send_sms`
--
ALTER TABLE `send_sms`
  MODIFY `id` int(10) UNSIGNED NOT NULL AUTO_INCREMENT;

--
-- AUTO_INCREMENT for table `shifts`
--
ALTER TABLE `shifts`
  MODIFY `id` int(10) UNSIGNED NOT NULL AUTO_INCREMENT, AUTO_INCREMENT=3;

--
-- AUTO_INCREMENT for table `sms_histories`
--
ALTER TABLE `sms_histories`
  MODIFY `id` int(10) UNSIGNED NOT NULL AUTO_INCREMENT;

--
-- AUTO_INCREMENT for table `staff`
--
ALTER TABLE `staff`
  MODIFY `id` int(10) UNSIGNED NOT NULL AUTO_INCREMENT, AUTO_INCREMENT=3;

--
-- AUTO_INCREMENT for table `students`
--
ALTER TABLE `students`
  MODIFY `id` bigint(20) UNSIGNED NOT NULL AUTO_INCREMENT, AUTO_INCREMENT=88;

--
-- AUTO_INCREMENT for table `subjects`
--
ALTER TABLE `subjects`
  MODIFY `id` int(10) UNSIGNED NOT NULL AUTO_INCREMENT, AUTO_INCREMENT=48;

--
-- AUTO_INCREMENT for table `subject_assigns`
--
ALTER TABLE `subject_assigns`
  MODIFY `id` int(10) UNSIGNED NOT NULL AUTO_INCREMENT;

--
-- AUTO_INCREMENT for table `teachers`
--
ALTER TABLE `teachers`
  MODIFY `id` bigint(20) UNSIGNED NOT NULL AUTO_INCREMENT, AUTO_INCREMENT=11;

--
-- AUTO_INCREMENT for table `the_classes`
--
ALTER TABLE `the_classes`
  MODIFY `id` int(10) UNSIGNED NOT NULL AUTO_INCREMENT, AUTO_INCREMENT=11;

--
-- AUTO_INCREMENT for table `users`
--
ALTER TABLE `users`
  MODIFY `id` bigint(20) UNSIGNED NOT NULL AUTO_INCREMENT, AUTO_INCREMENT=108;
COMMIT;

/*!40101 SET CHARACTER_SET_CLIENT=@OLD_CHARACTER_SET_CLIENT */;
/*!40101 SET CHARACTER_SET_RESULTS=@OLD_CHARACTER_SET_RESULTS */;
/*!40101 SET COLLATION_CONNECTION=@OLD_COLLATION_CONNECTION */;
